round,team_home,team_away,score_home,score_away,expected_goals_home,expected_goals_away,possession_home,possession_away,total_shots_home,total_shots_away,shots_on_target_home,shots_on_target_away,shots_off_target_home,shots_off_target_away,blocked_shots_home,blocked_shots_away,corners_home,corners_away,offsides_home,offsides_away,fouls_home,fouls_away,yellow_cards_home,yellow_cards_away,red_cards_home,red_cards_away,free_kicks_home,free_kicks_away,throw_ins_home,throw_ins_away,goal_kicks_home,goal_kicks_away,big_chances_home,big_chances_away,big_chances_missed_home,big_chances_missed_away,counter_attacks_home,counter_attacks_away,counter_attacks_shots_home,counter_attacks_shots_away,shots_inside_box_home,shots_inside_box_away,shots_outside_box_home,shots_outside_box_away,goalkeeper_saves_home,goalkeeper_saves_away,passes_home,passes_away,accurate_passes_home,accurate_passes_away,long_balls_home,long_balls_away,crosses_home,crosses_away,dribbles_home,dribbles_away,possession_lost_home,possession_lost_away,duels_won_home,duels_won_away,aerials_won_home,aerials_won_away,tackles_home,tackles_away,interceptions_home,interceptions_away,clearances_home,clearances_away
,,,,,,,,,,,,,,,,,,,,,,,,,,,,,,,,,,,,,,,,,,,,,,,,,,,,,,,,,,,,,,,,,,,,
1,Almería,Rayo Vallecano,0,2,1.39,2.07,60,40,19,10,5,4,11,2,3,4,8,3,1,1,16,25,1,3,0,0,25,14,19,14,2,9,2,2,2,0,,,,,12,6,7,4,2,5,480,329,422,255,35,30,4,3,12,4,124,113,65,55,11,18,17,19,4,10,14,27
1,Sevilla,Valencia,1,2,0.72,1.12,55,45,9,10,3,3,5,6,1,1,8,1,3,0,15,17,3,2,1,0,14,15,36,28,7,8,1,2,0,1,0,1,0,1,5,7,4,3,1,2,397,343,297,244,32,19,6,4,7,12,180,145,61,70,17,19,23,24,9,10,7,33
1,Real Sociedad,Girona FC,1,1,1.07,0.81,48,52,15,6,2,1,11,2,2,3,4,1,0,3,22,9,2,5,0,0,7,22,22,23,4,16,3,2,2,1,2,0,1,0,7,5,8,1,0,1,376,415,306,342,15,21,3,3,9,6,120,128,52,61,19,19,17,15,7,4,13,13
1,Las Palmas,Mallorca,1,1,0.93,1.8,69,31,5,11,2,2,1,7,2,2,3,6,1,6,11,22,3,2,0,0,19,11,24,22,8,1,1,1,0,1,,,,,2,7,3,4,1,1,604,255,521,178,17,22,0,7,9,4,133,126,56,55,15,15,14,25,9,15,19,5
1,Athletic Club,Real Madrid,0,2,0.45,0.99,46,54,7,14,1,8,3,3,3,3,7,5,2,2,18,6,3,1,0,0,5,16,23,15,7,12,1,1,1,1,0,1,0,1,5,10,2,4,6,1,489,603,419,528,33,37,4,3,4,8,146,121,30,58,5,9,16,25,7,10,13,25
1,Celta Vigo,Osasuna,0,2,1,0.95,53,47,11,11,1,5,7,5,3,1,7,2,6,1,11,15,1,1,0,0,14,10,30,19,10,13,1,4,1,2,,,,,8,8,3,3,3,0,469,432,385,323,24,46,2,7,11,5,151,150,48,48,15,15,8,18,11,14,11,14
1,Villarreal,Real Betis,1,2,0.96,1.07,63,37,18,12,5,5,6,2,7,5,9,4,2,1,13,17,1,3,0,0,16,13,21,14,4,6,1,1,1,0,,,,,12,6,6,6,3,4,560,317,481,251,18,21,7,6,7,8,134,116,68,52,22,7,23,25,12,16,8,19
1,Getafe,Barcelona,0,0,0.57,1.49,25,75,5,14,2,4,3,7,0,3,3,4,4,2,20,11,8,2,1,1,9,19,14,17,14,8,2,4,2,4,,,,,3,6,2,8,3,2,233,729,167,659,26,23,6,2,1,12,110,117,36,63,15,23,11,9,15,3,27,17
1,Cádiz,Deportivo Alavés,1,0,0.66,0.25,44,56,12,10,3,2,6,5,3,3,2,4,2,2,19,15,3,2,1,0,15,19,22,22,6,7,,,,,,,,,7,4,5,6,2,2,298,365,206,274,26,31,4,4,7,7,134,144,54,61,19,27,13,9,5,11,24,15
1,Atlético Madrid,Granada,3,1,2.42,0.94,45,55,14,7,6,4,6,0,2,3,3,3,3,0,15,9,3,1,0,0,9,14,27,18,3,12,5,2,3,1,,,,,11,5,3,2,3,3,428,527,351,435,30,37,6,2,11,3,128,135,50,46,15,10,15,20,16,4,14,15
2,Mallorca,Villarreal,0,1,0.38,1.95,40,60,8,15,1,3,4,7,3,5,6,5,6,1,12,11,2,4,0,0,9,12,11,18,8,5,0,2,0,1,,,,,7,11,1,4,3,1,323,517,272,463,32,29,6,4,4,8,110,109,55,46,15,11,27,15,6,3,16,25
2,Valencia,Las Palmas,1,0,1.54,0.52,39,61,9,7,4,1,2,4,3,2,6,4,2,1,12,6,,,0,0,5,12,24,24,5,8,3,2,2,2,,,,,8,2,1,5,1,3,365,605,290,522,21,18,4,1,11,15,128,124,42,57,10,11,16,19,9,7,8,15
2,Real Sociedad,Celta Vigo,1,1,0.71,1.13,52,48,11,17,2,6,5,6,4,5,9,7,0,3,12,12,2,1,0,0,12,11,32,20,5,10,1,3,0,2,1,0,1,0,7,10,4,7,6,1,418,376,314,278,17,18,4,6,8,10,161,149,52,48,20,14,12,13,6,10,20,27
2,Almería,Real Madrid,1,3,1.34,2.06,43,57,20,25,8,9,8,11,4,5,4,5,1,4,10,13,1,0,0,0,13,9,10,19,13,10,3,4,2,2,3,2,2,2,13,18,7,7,6,7,428,567,367,518,29,21,12,6,9,12,100,100,49,43,10,8,17,14,11,10,20,18
2,Osasuna,Athletic Club,0,2,1.31,1.56,62,38,18,8,7,2,5,4,6,2,5,3,2,0,9,14,1,5,1,1,14,9,28,13,7,11,2,4,2,2,0,1,0,1,11,5,7,3,0,7,535,331,436,232,44,20,8,2,6,7,170,139,53,57,20,19,13,22,15,11,9,36
2,Girona FC,Getafe,3,0,1.42,0.7,65,35,7,9,6,2,0,6,1,1,3,2,3,2,11,20,2,5,0,0,19,10,11,23,10,4,3,1,0,1,,,,,5,5,2,4,2,3,529,274,456,189,28,25,2,4,2,4,129,143,52,49,16,16,16,21,4,4,25,10
2,Barcelona,Cádiz,2,0,3.48,1.15,75,25,24,10,10,1,6,7,8,2,10,2,1,1,9,22,4,3,0,0,19,9,14,13,7,12,6,2,4,2,0,1,0,1,19,10,5,0,1,8,612,196,559,133,16,26,9,5,12,4,103,96,54,39,13,15,11,11,5,8,9,20
2,Real Betis,Atlético Madrid,0,0,0.75,0.47,53,47,14,5,0,1,8,2,6,2,2,7,3,2,10,8,2,1,0,0,8,9,19,11,5,9,1,0,1,0,,,,,10,4,4,1,1,0,552,494,486,423,34,22,3,4,9,5,123,119,36,47,7,12,12,21,9,8,17,12
2,Deportivo Alavés,Sevilla,4,3,1.85,0.64,33,67,14,12,7,2,7,4,0,6,4,4,0,1,14,13,1,2,0,0,12,14,22,29,10,10,4,1,2,1,1,0,1,0,10,3,4,9,0,3,268,552,166,464,25,32,8,5,4,13,148,158,49,59,16,19,17,14,2,8,25,14
2,Granada,Rayo Vallecano,0,2,1.19,2.14,49,51,14,17,7,9,5,6,2,2,5,6,1,7,14,11,2,1,1,0,10,13,24,28,7,10,0,4,0,4,4,2,4,2,10,11,4,6,7,7,360,384,278,296,28,31,4,7,12,11,139,145,53,57,14,16,18,18,5,5,17,14
3,Las Palmas,Real Sociedad,0,0,0.91,1,52,48,11,8,5,1,3,4,3,3,5,7,3,4,7,29,1,4,0,0,28,6,17,15,6,6,2,2,2,2,,,,,6,7,5,1,1,5,466,424,377,340,24,22,2,5,4,13,137,138,69,50,22,19,17,12,12,6,8,15
3,Celta Vigo,Real Madrid,0,1,1.24,1.36,37,63,13,10,4,3,6,5,3,2,3,5,0,3,19,14,2,3,0,0,14,19,17,12,10,12,1,2,1,1,2,0,2,0,10,6,3,4,2,4,350,635,277,568,16,20,4,4,4,15,115,121,44,50,11,10,15,8,7,8,20,11
3,Cádiz,Almería,1,1,1.58,0.26,52,48,11,5,3,2,4,2,4,1,7,3,0,1,16,22,0,5,1,1,22,16,15,15,2,9,1,0,,,,,,,7,3,4,2,1,2,345,332,266,252,28,13,11,3,6,10,121,124,58,54,19,16,11,12,3,14,16,18
3,Granada,Mallorca,3,2,1.43,2.62,53,47,10,10,4,5,3,4,3,1,5,3,1,1,11,27,2,7,0,0,24,11,24,19,6,8,3,6,1,4,,,,,6,10,4,0,3,1,354,318,277,243,32,16,3,8,7,3,121,109,52,42,14,19,7,9,6,4,15,12
3,Sevilla,Girona FC,1,2,1.73,1.69,51,49,21,8,4,3,13,5,4,0,6,6,4,1,11,18,2,1,0,0,17,11,26,13,4,14,2,4,2,4,2,0,2,0,13,6,8,2,1,4,395,417,316,334,31,16,9,1,6,10,147,135,57,47,16,15,18,11,9,8,9,41
3,Villarreal,Barcelona,3,4,1.86,3.07,39,61,13,21,6,11,3,4,4,6,2,6,5,3,12,14,3,3,0,0,14,11,14,12,4,2,4,5,1,2,,,,,10,15,3,6,7,3,382,592,327,540,32,29,2,5,13,11,96,100,56,47,13,10,16,15,5,11,22,7
3,Valencia,Osasuna,1,2,1.69,1.23,65,35,16,7,4,2,10,3,2,2,6,3,3,1,13,12,3,4,0,0,12,13,27,24,3,15,3,2,3,1,,,,,10,6,6,1,0,3,510,283,428,191,23,19,4,5,12,4,148,137,54,48,16,18,14,14,11,7,13,37
3,Athletic Club,Real Betis,4,2,2.87,0.44,47,53,14,9,6,4,5,3,3,2,5,3,2,2,23,11,4,2,0,0,11,21,35,18,6,13,4,0,,,,,,,10,6,4,3,3,2,401,468,304,369,23,29,8,0,8,8,155,144,45,60,14,12,12,19,12,8,14,29
3,Getafe,Deportivo Alavés,1,0,2.26,0.69,47,53,15,16,4,2,9,9,2,5,4,5,0,3,13,15,1,2,0,0,14,13,28,31,9,11,5,1,4,1,,,,,14,9,1,7,1,3,307,337,201,228,32,29,4,8,4,4,159,153,53,57,29,24,7,16,11,8,22,19
3,Rayo Vallecano,Atlético Madrid,0,7,0.57,3.45,56,44,12,17,3,10,7,4,2,3,8,3,3,1,19,17,4,3,0,0,14,16,24,15,5,10,0,7,0,2,0,6,0,4,7,14,5,3,3,3,477,386,371,286,36,30,6,3,11,14,180,142,48,62,9,13,15,20,3,9,4,26
4,Cádiz,Villarreal,3,1,2.09,0.32,42,58,18,7,4,3,6,2,8,2,7,3,2,2,21,15,5,4,0,1,14,20,19,22,6,12,2,1,,,1,0,1,0,9,4,9,3,2,1,296,430,232,360,25,26,3,2,3,12,125,119,42,56,7,17,18,8,7,3,13,30
4,Almería,Celta Vigo,2,3,2.98,1.54,63,37,16,14,5,8,8,4,3,2,6,5,1,3,9,9,1,1,0,0,9,8,26,24,8,9,6,2,4,0,2,0,2,0,11,12,5,2,4,3,611,346,540,273,25,17,5,9,16,10,134,123,64,44,15,8,24,18,9,9,13,29
4,Real Sociedad,Granada,5,3,2.32,0.75,62,38,15,8,6,5,7,1,2,2,2,5,8,5,15,14,1,5,0,0,14,14,14,20,3,9,5,1,3,0,5,1,4,1,7,5,8,3,3,2,544,325,462,231,30,31,0,3,8,11,133,146,51,49,13,15,17,10,6,3,17,18
4,Real Madrid,Getafe,2,1,2.79,0.39,76,24,26,6,12,2,9,2,5,2,11,1,2,0,12,16,2,6,0,0,15,11,20,15,4,13,3,1,1,0,1,0,1,0,17,3,9,3,1,10,728,226,644,151,30,26,7,2,8,3,135,111,49,50,13,23,13,14,4,9,12,38
4,Deportivo Alavés,Valencia,1,0,1.3,0.76,39,61,7,9,1,4,4,3,2,2,1,2,3,0,18,9,4,2,0,0,9,17,28,20,12,9,3,1,3,1,,,,,7,5,0,4,4,1,307,486,214,403,26,10,5,0,10,12,146,138,44,55,12,9,13,17,3,5,16,17
4,Real Betis,Rayo Vallecano,1,0,1.08,1.52,56,44,14,15,5,6,7,4,2,5,2,3,2,4,22,20,3,5,0,0,17,21,13,26,5,7,0,2,0,2,1,0,1,0,10,9,4,6,6,5,481,373,408,286,30,28,2,5,4,7,124,136,52,60,6,12,25,22,12,3,9,13
4,Girona FC,Las Palmas,1,0,1.03,1.06,46,54,11,10,6,5,4,1,1,4,3,5,4,0,15,10,3,3,0,0,10,15,13,18,5,5,2,2,1,2,,,,,7,6,4,4,5,5,410,484,355,417,22,23,3,2,17,10,109,115,54,49,10,10,18,15,8,5,12,15
4,Mallorca,Athletic Club,0,0,0.4,0.62,33,67,8,11,2,3,2,4,4,4,3,5,5,4,12,17,0,1,0,0,16,12,12,26,11,8,,,,,1,0,1,0,5,8,3,3,3,1,249,479,145,390,19,23,5,7,6,8,136,163,69,46,22,21,25,7,10,4,34,7
4,Osasuna,Barcelona,1,2,0.77,2,30,70,11,9,3,4,2,3,6,2,8,5,2,2,6,16,1,3,1,0,16,6,26,21,3,3,1,2,1,1,,,,,7,7,4,2,2,2,259,647,197,586,27,16,9,5,4,12,124,110,52,53,16,15,16,20,5,8,21,29
4,Atlético Madrid,Sevilla,1,0,0.93,0.32,50,50,12,8,4,2,3,3,5,3,6,5,2,0,12,19,7,3,1,0,18,10,22,15,6,6,3,0,2,0,1,0,1,0,9,4,3,4,2,3,483,479,412,403,34,14,4,4,14,5,121,131,52,46,12,12,9,19,7,5,25,20
5,Rayo Vallecano,Deportivo Alavés,2,0,2.58,0.67,52,48,20,9,11,1,6,5,3,3,5,3,0,1,15,14,2,3,0,0,13,15,29,29,10,9,3,0,1,0,1,2,1,2,13,7,7,2,1,9,385,352,285,251,26,32,7,12,13,10,146,155,51,68,10,22,15,21,6,5,20,16
5,Athletic Club,Cádiz,3,0,2.87,0.29,66,34,20,5,9,4,9,0,2,1,5,4,1,4,10,20,1,4,0,0,19,10,29,21,1,14,7,0,4,0,1,0,1,0,15,2,5,3,4,5,489,260,377,166,24,32,6,2,10,7,169,144,48,48,11,17,8,14,2,10,6,37
5,Valencia,Atlético Madrid,3,0,1.26,0.6,37,63,12,11,8,3,1,5,3,3,5,8,,,13,17,1,5,0,0,16,12,18,23,11,3,4,0,3,0,,,,,8,7,4,4,3,5,327,543,255,458,24,25,1,9,8,11,123,143,50,58,8,17,18,18,8,5,30,13
5,Celta Vigo,Mallorca,0,1,1.29,0.8,61,39,16,7,4,4,9,3,3,0,10,1,2,0,9,15,1,3,0,0,15,9,24,26,4,13,5,1,5,0,,,,,12,5,4,2,2,4,517,347,425,263,20,25,8,2,3,6,156,123,40,51,15,19,7,17,5,15,12,32
5,Barcelona,Real Betis,5,0,2.42,0.85,65,35,17,11,9,2,6,8,2,1,9,5,3,3,9,10,1,2,0,0,10,9,14,9,9,7,3,1,1,1,2,0,2,0,10,6,7,5,2,4,655,339,595,284,18,25,6,1,17,10,102,99,56,37,7,2,22,16,6,11,8,17
5,Getafe,Osasuna,3,2,0.5,1.13,45,55,11,8,6,3,2,5,3,0,6,3,0,7,15,11,6,2,1,0,11,15,22,32,9,1,1,2,,,,,,,10,4,1,4,1,3,351,441,236,326,45,38,6,3,2,4,162,161,45,60,23,34,9,10,6,8,14,26
5,Villarreal,Almería,2,1,0.9,1.51,63,37,10,17,4,7,2,8,4,2,6,6,1,1,16,6,2,3,0,0,6,16,13,18,13,6,3,3,1,2,1,3,1,3,9,10,1,7,6,2,497,295,429,224,25,15,5,2,7,10,125,118,46,57,15,14,18,18,4,8,13,21
5,Sevilla,Las Palmas,1,0,1.7,1.05,44,56,26,14,9,2,10,8,7,4,7,3,6,0,13,12,3,5,0,0,11,12,17,33,11,10,4,2,3,2,,,,,16,5,10,9,2,8,343,476,257,390,25,24,10,1,10,11,154,157,56,50,10,11,25,16,14,6,19,25
5,Real Madrid,Real Sociedad,2,1,2,1.59,52,48,17,15,8,5,5,6,4,4,4,3,3,2,11,14,3,2,0,0,13,11,20,17,8,5,4,3,3,2,1,0,1,0,11,8,6,7,4,6,515,488,450,428,35,21,6,4,8,7,104,102,51,40,14,7,16,15,11,12,13,23
5,Granada,Girona FC,2,4,1.62,2.77,42,58,12,13,5,7,5,2,2,4,4,5,3,5,13,21,3,3,0,0,19,11,28,23,3,5,3,4,1,3,0,1,0,1,8,7,4,6,3,3,311,443,247,379,24,21,7,6,7,13,124,118,62,49,18,5,19,21,5,2,11,21
6,Deportivo Alavés,Athletic Club,0,2,1.15,1.73,43,57,15,11,5,3,6,6,4,2,3,4,4,0,13,9,2,2,0,0,9,12,25,32,12,8,4,3,4,2,2,0,2,0,11,8,4,3,1,5,373,496,270,396,32,38,1,1,6,7,161,170,49,49,16,16,18,13,8,3,16,25
6,Girona FC,Mallorca,5,3,3.2,1.81,56,44,23,15,10,5,10,5,3,5,6,5,1,3,10,12,1,5,0,0,12,8,15,14,6,11,7,4,4,1,,,,,16,10,7,5,2,4,530,405,466,343,21,27,9,6,6,4,101,103,40,32,10,11,12,9,4,3,7,22
6,Osasuna,Sevilla,0,0,1.42,0.75,44,56,16,15,2,3,7,10,7,2,7,4,2,4,11,7,2,3,0,0,6,11,28,24,18,10,2,0,2,0,,,,,13,8,3,7,3,2,322,424,199,298,36,23,5,5,6,7,207,195,54,69,27,28,15,23,5,7,23,27
6,Barcelona,Celta Vigo,3,2,1.59,1.54,74,26,15,13,6,7,6,4,3,2,2,3,2,0,10,11,2,1,0,0,11,9,20,10,8,11,4,2,1,0,0,3,0,2,7,12,8,1,5,3,810,275,739,203,33,16,3,1,7,7,119,109,42,38,13,11,11,12,7,7,7,28
6,Almería,Valencia,2,2,2.67,0.76,61,39,17,7,10,5,5,1,2,1,7,3,3,1,12,10,4,2,0,0,10,12,22,24,4,8,5,2,3,0,0,1,0,1,13,5,4,2,3,8,544,350,462,255,26,23,10,3,9,7,138,131,53,57,24,13,10,25,4,5,15,23
6,Real Sociedad,Getafe,4,3,2.03,1.42,61,39,10,10,6,7,2,3,2,0,2,1,3,1,13,24,3,2,0,0,23,12,20,17,5,8,6,4,2,2,,,,,6,7,4,3,4,2,485,300,395,203,23,17,2,5,10,9,140,138,67,72,24,33,11,19,5,5,15,11
6,Rayo Vallecano,Villarreal,1,1,1.21,1.64,41,59,11,13,6,6,3,6,2,1,2,8,6,2,20,18,2,3,0,1,16,18,17,11,9,6,2,1,1,1,,,,,7,9,4,4,5,5,326,474,256,406,41,36,2,4,10,11,123,117,43,63,4,13,14,21,11,10,20,18
6,Las Palmas,Granada,1,0,0.6,0.04,58,42,10,2,3,1,6,1,1,0,6,7,4,5,13,19,6,4,1,0,19,12,10,22,7,7,1,0,1,0,,,,,5,0,5,2,1,2,442,311,363,215,20,24,2,2,9,7,132,160,71,53,20,18,23,16,7,4,26,11
6,Real Betis,Cádiz,1,1,1.86,0.22,63,37,21,5,7,1,11,3,3,1,11,8,1,5,10,14,2,3,0,0,13,10,15,12,7,16,5,1,5,0,2,0,2,0,15,4,6,1,0,6,499,286,452,221,20,33,11,3,13,7,115,127,69,55,19,12,24,27,5,5,22,21
6,Atlético Madrid,Real Madrid,3,1,1.37,1.01,36,64,10,20,4,5,3,8,3,7,6,11,1,1,13,10,1,3,0,0,10,13,19,16,13,6,3,0,,,1,1,1,1,7,9,3,11,4,1,344,603,285,561,29,24,5,7,5,11,101,113,41,40,1,5,25,11,8,9,24,10
7,Sevilla,Almería,5,1,2.22,1.78,47,53,18,10,9,1,4,7,5,2,9,4,0,2,15,16,3,2,0,0,15,14,16,25,7,5,5,2,3,1,,,,,15,10,3,0,0,4,365,421,294,344,16,29,6,10,11,5,122,128,62,45,19,14,17,12,5,6,21,15
7,Mallorca,Barcelona,2,2,0.79,1.89,30,70,10,10,5,4,2,5,3,1,7,2,6,1,19,7,4,1,1,0,7,18,11,22,12,3,2,3,0,2,2,0,2,0,7,6,3,4,2,3,247,584,153,497,20,32,4,3,7,12,146,150,62,62,20,19,28,13,13,7,15,12
7,Athletic Club,Getafe,2,2,0.74,1.36,48,52,8,13,4,5,1,4,3,4,5,4,6,1,9,19,5,6,1,0,19,9,22,21,5,5,1,3,1,2,0,1,0,1,6,9,2,4,3,2,382,395,294,293,25,26,5,10,9,8,140,159,60,33,18,10,14,6,9,11,31,17
7,Real Madrid,Las Palmas,2,0,1.76,0.72,47,53,21,16,9,2,3,8,9,6,7,2,6,2,7,9,0,1,0,0,7,7,17,8,8,4,5,0,3,0,,,,,17,7,4,9,2,7,572,650,507,593,15,18,3,3,10,6,123,101,34,40,5,3,12,24,7,7,7,28
7,Villarreal,Girona FC,1,2,1.91,2.15,53,47,14,17,3,5,6,9,5,3,5,6,4,0,9,11,3,2,0,0,11,9,18,14,12,6,2,4,1,2,0,1,0,1,11,13,3,4,3,2,461,405,409,356,44,21,5,9,8,7,109,91,45,41,9,9,17,16,7,8,11,24
7,Cádiz,Rayo Vallecano,0,0,0.59,0.26,52,48,9,9,2,4,6,5,1,0,1,2,1,2,16,13,5,6,0,1,12,14,26,26,9,12,1,0,1,0,0,1,0,1,5,0,4,9,4,2,404,385,294,270,28,16,5,2,1,5,165,157,47,48,23,12,12,17,9,9,15,27
7,Valencia,Real Sociedad,0,1,0.39,0.18,37,63,9,2,2,1,4,1,3,0,0,2,3,2,14,17,4,7,1,0,16,13,26,26,4,5,0,1,,,,,,,3,1,6,1,0,2,355,604,258,514,20,26,2,2,8,8,137,144,57,64,17,28,18,16,2,11,15,13
7,Celta Vigo,Deportivo Alavés,1,1,0.6,2.6,46,54,8,21,0,11,4,7,4,3,2,8,0,2,9,11,6,3,1,0,11,8,25,19,14,6,0,3,0,2,,,,,3,16,5,5,8,0,390,443,309,380,25,27,1,7,8,13,117,121,43,50,12,17,12,12,3,5,27,14
7,Granada,Real Betis,1,1,1.78,0.88,39,61,18,13,7,3,7,6,4,4,5,7,2,2,14,10,2,1,0,0,10,14,16,19,11,8,2,1,1,1,,,,,12,8,6,5,2,6,316,517,242,441,27,33,11,3,13,8,115,130,45,47,10,14,12,13,3,11,29,20
7,Osasuna,Atlético Madrid,0,2,0.97,1.5,55,45,13,5,2,3,8,2,3,0,7,2,2,5,14,4,3,2,1,1,4,13,26,14,3,13,1,2,1,1,,,,,8,4,5,1,1,2,500,444,416,349,24,17,8,0,10,4,154,136,45,41,20,12,11,12,8,4,9,33
8,Barcelona,Sevilla,1,0,2.43,1.11,59,41,18,12,4,3,5,8,9,1,13,3,1,3,11,15,2,3,0,0,15,11,26,31,7,8,4,1,4,1,,,,,16,9,2,3,3,4,467,313,402,241,28,25,6,7,16,4,126,124,55,50,13,16,11,20,5,12,24,19
8,Getafe,Villarreal,0,0,0.95,0.14,65,35,22,3,9,0,11,2,2,1,6,4,2,1,19,11,2,4,0,1,11,19,17,18,7,21,,,,,,,,,12,2,10,1,0,9,466,269,396,187,44,32,12,4,3,10,138,142,49,63,13,18,22,16,6,9,13,27
8,Rayo Vallecano,Mallorca,2,2,2.3,1.47,61,39,19,9,5,4,9,3,5,2,5,0,1,2,12,20,2,5,0,0,19,12,18,16,6,20,3,2,1,0,0,2,0,2,9,8,10,1,2,3,496,328,406,219,32,35,8,3,7,7,142,141,49,62,18,24,5,19,7,11,14,15
8,Girona FC,Real Madrid,0,3,1.59,2.38,52,48,13,14,3,7,8,3,2,4,1,4,,,13,14,2,2,0,1,13,12,22,13,6,17,3,4,3,1,0,3,0,3,7,10,6,4,4,3,552,519,499,468,31,22,5,1,4,13,110,102,36,50,4,3,16,22,10,14,6,13
8,Real Sociedad,Athletic Club,3,0,1.45,1.82,51,49,8,18,5,3,1,10,2,5,5,7,2,2,20,9,2,2,0,0,9,19,23,23,10,3,2,3,0,3,2,1,2,1,5,14,3,4,3,2,400,375,304,281,23,28,2,12,11,11,157,146,59,66,22,20,17,16,4,7,11,10
8,Almería,Granada,3,3,2.92,2.89,49,51,17,19,5,4,9,10,3,5,1,5,0,4,18,14,2,1,0,0,14,17,18,22,11,7,3,3,0,2,2,3,1,2,12,17,5,2,1,2,361,375,281,297,26,24,4,4,5,16,130,126,52,57,18,14,16,10,8,5,13,15
8,Deportivo Alavés,Osasuna,0,2,1.5,1.12,46,54,17,10,3,3,6,5,8,2,4,2,5,1,13,13,2,3,1,0,12,12,20,17,8,13,4,3,4,2,2,2,2,2,9,5,8,5,1,3,352,446,259,354,26,33,6,4,10,8,140,135,57,44,23,18,12,6,9,3,16,25
8,Atlético Madrid,Cádiz,3,2,2.76,0.84,70,30,18,8,9,4,7,3,2,1,5,3,2,0,5,10,1,3,0,0,10,5,15,16,11,11,6,1,4,0,1,0,1,0,14,4,4,4,2,6,733,303,639,216,26,23,1,4,9,3,142,142,54,36,19,11,17,17,3,6,10,25
8,Real Betis,Valencia,3,0,1.71,0.66,56,44,15,9,7,2,4,7,4,0,5,3,5,2,11,10,2,2,0,0,10,11,17,21,7,7,3,0,2,0,3,1,2,1,12,5,3,4,2,4,498,399,432,318,28,16,5,4,11,6,124,128,47,47,13,11,13,19,4,5,21,16
8,Las Palmas,Celta Vigo,2,1,1.7,1.54,74,26,16,11,5,3,4,5,7,3,4,5,2,2,13,14,2,1,0,0,14,13,32,13,5,9,1,2,0,1,0,3,0,2,8,8,8,3,2,4,726,254,649,177,35,17,6,2,7,9,143,126,59,49,17,10,21,18,7,13,10,31
9,Athletic Club,Almería,3,0,1.92,0.1,59,41,23,4,9,1,13,1,1,2,6,2,0,2,11,7,2,0,0,0,7,11,20,21,6,13,3,0,,,,,,,21,0,2,4,1,6,507,356,426,268,21,21,12,0,14,15,142,145,55,60,15,8,19,26,7,11,9,19
9,Cádiz,Girona FC,0,1,0.43,1.21,26,74,8,20,2,5,5,8,1,7,5,5,0,3,12,13,1,3,1,0,12,12,13,10,10,11,1,1,1,1,0,1,0,1,6,5,2,15,4,2,205,615,116,549,24,33,7,6,5,10,135,129,48,52,16,15,15,15,8,2,20,19
9,Real Madrid,Osasuna,4,0,3.46,0.46,67,33,19,7,9,1,7,3,3,3,5,4,2,1,9,6,2,2,0,0,5,9,21,13,9,11,6,1,3,1,2,0,1,0,15,2,4,5,1,5,707,335,648,273,35,18,2,4,8,6,106,98,32,35,5,6,14,15,9,6,3,20
9,Mallorca,Valencia,1,1,0.58,0.55,49,51,9,11,5,3,2,3,2,5,3,6,4,0,17,11,2,1,0,0,11,16,28,24,3,2,1,0,,,0,1,0,1,7,4,2,7,2,4,441,463,349,371,49,25,5,2,7,17,147,163,63,64,20,17,26,15,7,14,11,13
9,Sevilla,Rayo Vallecano,2,2,1.03,1.05,64,36,22,7,6,4,11,2,5,1,12,2,2,1,16,19,5,2,0,0,19,15,30,21,5,18,0,2,,,0,2,0,1,12,3,10,4,2,5,424,254,348,164,26,20,11,2,11,2,155,138,67,43,21,14,18,12,6,5,14,56
9,Villarreal,Las Palmas,1,2,0.99,1.12,49,51,9,8,4,5,4,3,1,0,7,2,4,5,17,7,4,4,0,0,7,14,20,12,6,5,2,1,2,0,,,,,7,6,2,2,3,3,409,436,342,376,26,22,6,2,9,12,131,110,41,63,9,3,16,34,9,15,10,14
9,Atlético Madrid,Real Sociedad,2,1,2.36,1.21,37,63,14,13,5,4,6,6,3,3,1,4,0,2,9,12,3,3,0,0,11,9,23,17,13,9,5,2,3,1,0,2,0,1,12,3,2,10,3,3,339,561,250,489,32,41,0,4,9,8,126,129,55,46,22,11,14,18,7,5,26,11
9,Celta Vigo,Getafe,2,2,3.09,0.7,74,26,26,3,11,2,7,1,8,0,13,1,3,2,14,20,1,9,0,1,19,13,23,11,2,12,4,2,2,0,,,,,14,3,12,0,0,9,593,210,503,114,17,19,8,3,9,4,151,121,59,42,22,10,9,16,6,13,6,38
9,Deportivo Alavés,Real Betis,1,1,1.35,0.94,39,61,15,6,5,2,8,3,2,1,5,3,1,1,13,9,3,3,0,1,9,11,23,18,6,16,3,2,3,1,,,,,7,4,8,2,1,5,338,553,251,466,17,18,8,2,13,13,131,145,43,39,10,6,11,10,11,8,16,11
9,Granada,Barcelona,2,2,0.81,3.25,19,81,7,22,2,10,4,8,1,4,1,11,2,4,12,7,5,1,0,0,6,12,13,20,12,5,2,4,1,2,0,1,0,1,4,13,3,9,8,0,183,771,116,700,18,23,2,6,7,13,114,135,34,59,5,12,16,22,7,3,32,4
10,Osasuna,Granada,2,0,2.14,0.65,57,43,12,13,6,3,3,5,3,5,1,7,3,1,19,13,3,4,0,1,12,18,34,15,1,5,4,1,2,1,0,1,0,1,8,11,4,2,3,4,501,365,397,268,32,13,2,5,6,8,163,136,43,54,19,11,7,17,7,6,16,30
10,Real Sociedad,Mallorca,1,0,1.35,1.95,57,43,14,18,6,7,6,7,2,4,2,5,1,5,14,16,3,3,0,0,16,13,23,19,5,11,3,3,2,3,0,2,0,2,7,14,7,4,6,5,403,296,304,205,21,31,5,4,4,5,158,142,62,70,33,27,12,27,6,7,27,20
10,Getafe,Real Betis,1,1,1.52,1.14,45,55,13,13,3,3,4,6,6,4,4,8,2,1,17,11,5,2,0,0,11,17,21,21,14,6,4,3,3,2,2,1,2,1,10,11,3,2,2,2,338,431,246,348,25,28,2,4,13,12,143,155,61,64,14,18,24,17,9,11,20,14
10,Sevilla,Real Madrid,1,1,1.54,1.69,49,51,17,14,7,5,8,5,2,4,4,6,1,1,13,6,5,2,0,0,6,13,15,21,9,15,3,5,3,5,1,0,1,0,9,8,8,6,3,6,465,490,420,439,31,21,9,4,11,3,95,96,44,35,11,8,16,11,5,4,12,20
10,Celta Vigo,Atlético Madrid,0,3,0.93,1.78,36,64,16,12,3,7,9,1,4,4,7,5,0,6,10,10,3,2,1,0,9,10,10,14,4,10,3,3,3,1,2,2,2,2,10,10,6,2,4,3,414,773,357,709,17,31,4,1,10,9,109,106,32,36,3,3,10,15,6,9,14,28
10,Las Palmas,Rayo Vallecano,0,1,1.33,1.35,61,39,12,12,6,4,4,7,2,1,10,5,2,2,13,11,4,3,0,1,10,12,12,28,7,2,1,1,1,0,0,2,0,2,8,7,4,5,3,6,565,357,472,266,13,22,4,4,9,9,161,146,50,54,16,14,15,19,6,12,13,34
10,Girona FC,Almería,5,2,1.88,0.99,67,33,19,9,8,5,6,3,5,1,9,6,3,1,11,14,1,2,0,0,14,11,11,14,7,10,4,1,1,0,2,2,1,2,13,4,6,5,3,3,624,298,560,221,21,31,6,4,5,1,109,117,43,33,9,12,15,9,4,8,14,21
10,Villarreal,Deportivo Alavés,1,1,1.53,1.66,68,32,12,16,3,7,4,5,5,4,9,3,2,1,15,10,4,3,0,0,9,13,22,18,11,4,2,3,1,2,0,3,0,2,9,8,3,8,6,2,567,263,505,182,25,18,6,2,6,6,132,126,42,52,17,7,10,26,7,9,17,23
10,Barcelona,Athletic Club,1,0,1.34,0.44,62,38,12,10,7,3,4,5,1,2,4,7,4,4,11,18,3,3,0,0,17,11,21,18,8,8,3,0,2,0,,,,,10,7,2,3,3,6,534,309,457,232,47,23,3,9,8,8,128,128,43,39,4,10,15,10,8,5,12,15
10,Valencia,Cádiz,2,0,1.51,0.63,62,38,12,5,4,4,5,1,3,0,4,5,4,2,16,16,0,3,0,1,16,16,15,13,4,10,3,2,1,2,,,,,7,5,5,0,4,2,549,329,482,260,32,32,4,2,7,6,109,122,48,50,12,14,13,14,7,7,14,12
11,Girona FC,Celta Vigo,1,0,0.63,0.2,66,34,12,4,2,2,7,0,3,2,10,1,,,15,12,3,2,0,0,12,14,24,16,2,8,,,,,1,0,1,0,7,3,5,1,2,1,590,311,513,232,32,20,10,0,6,4,136,116,44,48,15,17,11,15,3,13,14,24
11,Almería,Las Palmas,1,2,0.29,0.93,40,60,10,10,4,3,3,5,3,2,3,2,6,1,13,19,3,1,0,0,15,12,28,25,6,3,0,2,0,1,,,,,4,6,6,4,1,3,374,568,275,476,28,26,1,3,5,6,173,150,49,54,17,19,12,18,4,7,16,32
11,Barcelona,Real Madrid,1,2,1.55,1.07,52,48,15,13,3,4,7,4,5,5,6,3,1,0,15,15,2,1,0,0,15,15,23,10,5,8,1,1,,,,,,,9,5,6,8,2,2,546,507,475,452,32,18,2,2,6,6,119,97,48,48,6,13,21,14,5,12,12,16
11,Mallorca,Getafe,0,0,0.94,0.23,59,41,15,8,4,0,7,3,4,5,7,3,7,1,10,25,0,1,0,0,23,10,25,21,8,9,,,,,,,,,11,2,4,6,0,4,382,276,278,155,42,24,5,3,6,4,171,160,64,52,33,27,6,12,9,6,25,34
11,Cádiz,Sevilla,2,2,1.11,1.21,35,65,10,20,5,10,3,7,2,3,2,4,3,4,17,14,6,4,0,0,12,17,9,32,4,3,3,1,1,1,,,,,6,14,4,6,8,3,289,531,191,447,26,43,4,11,6,15,142,165,60,64,10,17,32,15,7,7,22,15
11,Real Betis,Osasuna,2,1,1.23,0.4,50,50,9,7,2,1,7,5,0,1,6,3,1,1,10,25,3,4,0,0,24,10,30,17,7,9,2,1,1,0,,,,,5,4,4,3,,,430,435,350,336,21,17,3,2,15,5,157,141,67,60,19,14,9,31,7,10,20,17
11,Rayo Vallecano,Real Sociedad,2,2,1.03,2.03,56,44,16,15,7,3,5,8,4,4,4,5,2,3,17,16,3,2,0,0,16,16,29,28,9,7,1,3,1,1,0,1,0,1,7,9,9,6,1,5,435,348,347,257,37,15,5,5,9,10,146,148,52,65,18,20,10,19,12,11,17,18
11,Athletic Club,Valencia,2,2,1.86,1.86,57,43,12,11,7,5,4,3,1,3,10,4,3,2,11,9,3,1,0,0,9,11,31,26,6,8,3,5,1,3,,,,,8,7,4,4,2,5,499,381,404,276,32,26,10,3,9,12,164,157,62,71,22,16,21,32,6,14,12,24
11,Atlético Madrid,Deportivo Alavés,2,1,1.29,0.49,64,36,11,8,7,1,3,4,1,3,4,4,5,1,10,11,3,2,0,0,10,10,17,17,6,8,3,0,2,0,1,0,1,0,10,4,1,4,0,5,730,398,653,328,27,21,6,4,5,5,119,124,40,32,11,6,14,11,1,6,25,18
11,Granada,Villarreal,2,3,2.09,1.55,46,54,18,6,8,5,9,0,1,1,4,1,0,4,14,15,0,4,0,0,14,14,25,22,2,9,6,3,6,1,4,1,3,1,16,6,2,0,2,6,394,499,314,427,19,18,13,0,15,11,128,127,65,46,12,10,24,11,4,10,6,34
12,Las Palmas,Atlético Madrid,2,1,0.41,1.24,53,47,9,13,3,5,3,3,3,5,3,4,1,3,12,9,0,3,0,0,9,11,17,24,1,10,0,3,0,2,,,,,5,10,4,3,4,1,547,484,468,384,12,23,2,3,12,15,132,144,39,65,5,16,13,23,12,4,27,17
12,Osasuna,Girona FC,2,4,1.42,2.23,50,50,15,11,3,4,7,6,5,1,2,7,0,5,14,10,5,3,0,0,10,13,18,8,15,7,4,4,2,1,0,1,0,1,10,7,5,4,0,2,439,431,353,370,27,16,11,6,11,4,118,118,45,37,10,14,14,6,7,9,15,18
12,Real Betis,Mallorca,2,0,2.26,0.61,57,43,22,8,3,1,13,6,6,1,6,1,2,2,13,16,1,3,0,0,15,12,16,19,9,13,3,1,2,1,,,,,13,3,9,5,1,1,492,362,429,278,33,25,5,3,11,3,116,129,53,55,14,20,13,21,6,5,19,15
12,Celta Vigo,Sevilla,1,1,2.1,0.89,39,61,15,13,3,5,8,5,4,3,4,6,1,1,14,10,2,5,1,0,10,12,20,31,8,10,5,2,4,2,1,0,1,0,12,11,3,2,4,2,342,529,256,444,33,28,6,11,7,11,125,148,42,51,15,16,11,12,5,7,35,19
12,Real Sociedad,Barcelona,0,1,0.95,1.23,51,49,13,12,6,4,5,4,2,4,8,3,2,1,16,8,3,3,0,0,8,14,20,19,4,9,2,2,2,1,,,,,9,5,4,7,3,6,396,393,329,334,34,23,5,2,11,15,129,118,52,59,14,14,20,16,4,6,12,26
12,Deportivo Alavés,Almería,1,0,2.43,0.48,56,44,23,9,3,3,14,5,6,1,12,6,1,1,13,14,2,3,0,0,13,13,33,23,7,19,2,2,2,2,,,,,16,3,7,6,3,2,334,268,258,190,21,16,10,2,4,4,136,117,42,54,11,17,14,20,11,8,16,35
12,Valencia,Granada,1,0,1.22,0.48,51,49,11,6,2,1,6,2,3,3,0,4,1,2,20,15,3,5,0,0,15,20,31,34,5,8,1,0,,,,,,,4,4,7,2,1,1,401,376,304,283,25,23,1,3,7,9,142,146,55,57,11,13,22,15,12,11,18,20
12,Villarreal,Athletic Club,2,3,2.11,2.28,58,42,17,17,6,7,7,6,4,4,9,3,5,5,11,18,4,4,0,0,17,10,19,17,8,10,3,3,2,2,0,2,0,2,12,9,5,8,4,4,524,388,450,297,34,22,7,1,14,5,142,142,66,45,13,9,22,21,7,8,18,18
12,Real Madrid,Rayo Vallecano,0,0,2.19,0.1,63,37,22,4,5,0,12,1,5,3,11,1,2,2,12,15,3,5,0,0,14,11,24,17,2,17,2,0,2,0,1,1,1,1,14,2,8,2,0,5,538,316,467,239,21,23,7,0,22,7,134,129,68,49,14,8,19,24,9,7,6,32
12,Getafe,Cádiz,1,0,1.19,0.54,45,55,13,6,3,2,4,4,6,0,6,3,1,5,18,12,7,0,1,0,12,17,28,22,12,8,2,2,1,2,2,0,2,0,7,4,6,2,2,2,318,389,219,282,32,29,5,8,10,2,160,163,56,51,24,17,11,15,9,9,19,21
13,Athletic Club,Celta Vigo,4,3,4.6,2.24,58,42,21,13,12,5,4,6,5,2,7,2,2,3,15,13,2,2,0,0,12,14,20,18,5,7,7,3,3,2,2,3,2,2,18,8,3,5,2,8,490,368,404,266,23,17,9,2,19,12,144,139,55,61,13,20,11,16,5,8,14,32
13,Rayo Vallecano,Girona FC,1,2,1.74,4.69,46,54,22,19,9,7,10,7,3,5,8,3,1,1,15,13,1,2,0,0,13,14,21,22,9,14,1,8,0,6,0,1,0,1,15,17,7,2,4,8,429,515,361,445,34,23,6,10,7,8,135,121,57,57,12,14,25,21,7,6,15,29
13,Almería,Real Sociedad,1,3,0.44,2.41,47,53,7,18,2,6,4,8,1,4,5,5,5,4,18,19,3,2,0,0,18,16,19,23,8,5,2,4,1,1,,,,,4,11,3,7,3,1,300,350,206,272,20,28,1,5,1,10,144,141,58,62,18,23,21,13,3,8,20,15
13,Granada,Getafe,1,1,1.69,2.27,58,42,12,10,6,6,4,3,2,1,3,5,5,3,14,9,4,2,0,0,9,14,25,24,7,6,3,2,2,1,2,0,2,0,8,8,4,2,5,5,464,332,341,212,27,32,4,5,13,6,187,187,56,62,19,15,15,28,5,9,15,18
13,Osasuna,Las Palmas,1,1,0.97,0.45,46,54,11,6,3,1,5,3,3,2,8,3,1,3,25,10,1,1,0,0,10,25,21,18,2,10,3,0,2,0,,,,,10,3,1,3,0,2,418,522,308,413,36,16,8,3,7,3,176,166,61,68,31,21,13,20,6,6,7,26
13,Real Madrid,Valencia,5,1,1.75,1.71,56,44,16,10,7,4,6,3,3,3,4,4,4,0,7,26,1,3,0,0,25,7,15,20,7,6,3,4,0,3,,,,,8,6,8,4,3,2,558,420,500,362,27,25,2,5,17,2,108,110,59,34,2,3,16,23,12,10,13,10
13,Barcelona,Deportivo Alavés,2,1,1.56,1.69,72,28,11,8,6,1,5,6,0,1,2,1,3,2,11,10,2,1,0,0,10,10,15,8,8,13,3,3,2,2,1,4,1,3,7,7,4,1,0,4,751,295,673,198,21,23,3,2,15,13,143,132,55,51,14,17,16,11,6,6,9,25
13,Sevilla,Real Betis,1,1,0.68,1.79,61,39,13,14,4,6,7,5,2,3,9,5,4,1,18,14,1,1,0,0,14,18,28,18,7,10,1,4,1,4,0,2,0,2,5,13,8,1,5,3,454,299,379,229,32,10,3,5,6,11,149,137,66,59,19,18,28,13,10,9,19,32
13,Atlético Madrid,Villarreal,3,1,3.92,0.86,50,50,25,11,10,7,10,3,5,1,6,3,7,1,8,8,0,2,0,0,8,8,14,11,4,16,5,1,2,1,3,0,2,0,19,9,6,2,6,7,547,592,490,519,15,34,10,2,6,13,113,98,29,42,8,10,7,11,5,5,5,30
13,Mallorca,Cádiz,1,1,1.08,0.31,68,32,16,6,3,3,7,3,6,0,7,0,4,0,14,18,2,3,0,0,18,14,31,20,6,16,1,0,1,0,1,0,1,0,7,2,9,4,2,2,432,217,339,126,30,25,8,1,10,2,170,133,64,57,30,22,7,19,6,10,11,40
14,Deportivo Alavés,Granada,3,1,0.83,1.14,43,57,8,11,5,4,1,2,2,5,6,2,2,1,10,13,1,3,0,0,11,9,21,27,5,7,1,1,,,,,,,4,7,4,4,3,3,346,463,265,385,23,36,1,2,11,14,143,142,51,61,8,16,21,22,8,10,24,17
14,Rayo Vallecano,Barcelona,1,1,0.74,1.04,33,67,10,15,4,4,3,6,3,5,1,4,2,2,23,13,3,4,0,0,13,23,14,20,11,5,1,3,1,3,,,,,2,11,8,4,4,3,293,596,210,529,24,24,2,6,4,15,119,121,51,60,12,7,22,15,6,6,15,11
14,Valencia,Celta Vigo,0,0,0.52,0.78,55,45,8,13,0,1,6,3,2,9,5,7,0,1,13,7,3,2,0,0,6,13,29,22,9,9,,,,,,,,,6,6,2,7,1,0,471,392,377,286,28,28,6,3,6,10,166,158,50,68,19,17,19,28,21,11,19,23
14,Getafe,Almería,2,1,1.17,1.87,54,46,18,13,5,4,8,5,5,4,3,6,1,4,12,8,2,4,0,0,8,12,22,28,9,10,1,2,1,1,,,,,11,10,7,3,4,3,425,363,309,244,36,27,9,4,7,11,172,177,57,64,27,20,15,21,7,8,18,12
14,Atlético Madrid,Mallorca,1,0,1.74,1.08,68,32,20,8,3,1,11,5,6,2,7,3,2,1,8,19,,,0,0,19,7,18,16,9,17,3,1,3,1,0,1,0,1,14,5,6,3,1,2,664,304,578,235,24,28,3,4,16,6,139,121,66,39,16,12,16,15,10,18,9,26
14,Villarreal,Osasuna,3,1,2.52,1.02,45,55,10,15,3,7,5,5,2,3,2,4,3,3,9,14,,,0,0,13,9,21,19,11,2,4,1,1,1,4,1,2,1,10,11,0,4,6,0,456,546,373,463,24,30,5,8,7,7,119,139,42,39,11,12,11,11,10,6,29,8
14,Real Sociedad,Sevilla,2,1,0.7,0.59,49,51,11,8,8,2,3,4,0,2,4,4,0,2,22,8,2,1,0,2,8,20,30,24,6,6,3,1,3,0,1,0,1,0,5,6,6,2,1,7,398,409,306,310,22,32,2,7,6,8,153,154,53,75,24,23,15,26,2,11,23,19
14,Cádiz,Real Madrid,0,3,1.21,1.59,39,61,13,14,4,5,5,3,4,6,4,4,1,1,16,16,3,3,0,0,16,16,16,13,7,6,2,3,2,2,1,6,1,4,5,8,8,6,3,4,401,653,342,598,27,30,7,3,3,15,104,96,44,54,5,8,20,15,6,7,11,12
14,Real Betis,Las Palmas,1,0,1.44,0.63,39,61,12,15,6,4,4,9,2,2,7,6,5,4,7,12,1,2,0,0,12,7,13,14,10,5,4,1,3,1,1,1,1,1,9,5,3,10,4,6,405,629,331,553,22,16,4,6,12,14,131,138,51,53,8,8,19,24,10,5,27,12
14,Girona FC,Athletic Club,1,1,1.31,1.48,60,40,13,13,2,6,9,2,2,5,2,6,2,2,8,16,1,1,0,0,16,7,13,19,3,10,2,3,1,3,1,3,1,2,10,11,3,2,5,1,619,382,550,319,36,20,7,8,12,9,117,118,55,45,10,10,17,19,16,8,15,8
15,Las Palmas,Getafe,2,0,1.54,0.95,71,29,11,12,6,4,1,6,4,2,4,4,4,2,11,9,0,5,0,1,9,10,18,22,8,6,3,2,1,2,1,0,1,0,8,5,3,7,4,4,678,270,587,172,19,38,4,6,8,4,138,151,46,50,12,22,17,14,12,15,16,13
15,Girona FC,Valencia,2,1,1.64,0.98,76,24,9,9,5,3,0,3,4,3,3,2,8,2,6,7,3,3,0,0,5,5,19,19,4,8,3,2,1,1,,,,,6,6,3,3,2,3,664,217,597,148,37,16,3,2,4,9,136,106,34,36,12,11,13,11,5,13,3,33
15,Athletic Club,Rayo Vallecano,4,0,1.33,0.51,50,50,9,11,4,3,4,7,1,1,7,2,5,2,15,11,1,2,0,0,10,13,23,13,11,7,3,0,1,0,,,,,7,7,2,4,3,1,473,480,378,380,17,27,3,2,10,6,152,148,49,45,16,6,13,20,8,12,14,16
15,Real Madrid,Granada,2,0,1.81,0.1,71,29,11,2,4,0,4,2,3,0,6,0,7,2,10,12,2,1,0,0,12,9,18,12,5,7,5,0,3,0,,,,,6,1,5,1,0,2,811,334,761,278,48,20,2,0,8,11,95,81,35,32,5,3,10,9,8,6,5,15
15,Osasuna,Real Sociedad,1,1,0.69,1.77,28,72,9,17,3,5,5,5,1,7,1,8,1,5,12,10,3,3,0,0,10,12,23,21,14,6,1,2,0,2,1,0,1,0,6,9,3,8,4,2,232,589,153,518,36,32,4,9,5,8,130,145,58,63,30,27,13,16,5,6,35,14
15,Mallorca,Deportivo Alavés,0,0,0.82,0.35,63,37,7,7,3,4,2,0,2,3,5,4,1,0,16,15,4,2,0,0,15,15,28,16,5,8,2,0,2,0,1,0,1,0,5,3,2,4,4,3,494,293,396,208,23,22,7,1,12,14,167,137,65,68,17,21,21,18,10,5,10,47
15,Almería,Real Betis,0,0,2.51,0.5,62,38,20,6,8,2,9,3,3,1,4,6,4,1,12,8,0,3,0,1,8,11,24,27,4,10,6,1,6,1,1,0,1,0,12,4,8,2,2,8,503,305,411,212,29,22,7,0,10,5,143,159,67,34,21,12,28,6,12,12,20,20
15,Sevilla,Villarreal,1,1,1.81,1.23,57,43,18,5,4,4,9,1,5,0,8,4,1,0,6,16,3,3,0,0,15,6,16,12,2,16,4,3,4,2,2,1,2,0,13,3,5,2,3,3,484,405,436,340,37,23,17,2,12,3,118,102,55,33,12,11,17,13,10,5,9,30
15,Barcelona,Atlético Madrid,1,0,2.55,0.62,59,41,13,8,2,4,7,2,4,2,7,2,1,4,17,12,5,4,0,0,11,17,13,15,5,10,6,1,5,1,1,0,1,0,9,6,4,2,3,1,615,425,558,361,24,18,4,3,13,5,102,103,41,47,6,6,11,19,11,7,12,10
15,Celta Vigo,Cádiz,1,1,2.44,0.26,68,32,26,2,7,1,10,1,9,0,12,1,2,1,14,18,1,6,0,1,18,13,22,11,3,16,2,1,1,0,,,,,15,1,11,1,0,6,563,277,490,186,20,41,7,3,12,4,139,134,51,49,13,19,8,13,4,12,14,40
16,Getafe,Valencia,1,0,0.74,0.14,68,32,8,3,6,0,1,3,1,0,7,0,2,1,15,15,2,4,1,2,13,15,26,19,7,8,1,0,1,0,,,,,6,1,2,2,0,5,583,289,467,164,36,18,5,1,7,1,198,168,65,53,30,21,15,16,5,6,8,46
16,Deportivo Alavés,Las Palmas,0,1,1.92,0.38,40,60,19,9,5,2,8,6,6,1,12,3,7,3,13,13,3,4,0,0,12,12,18,12,9,7,4,0,4,0,0,1,0,1,13,5,6,4,1,3,306,477,234,409,22,18,7,3,15,5,143,111,42,51,7,8,8,26,7,9,11,38
16,Real Betis,Real Madrid,1,1,1.39,1.03,37,63,14,12,6,2,4,6,4,4,7,6,0,1,14,7,2,1,0,0,7,14,13,21,9,4,2,1,2,0,0,1,0,1,11,7,3,5,1,5,419,727,351,653,21,26,4,1,5,16,113,117,38,49,6,5,20,14,13,9,19,14
16,Villarreal,Real Sociedad,0,3,2.29,1.47,52,48,20,16,4,5,4,6,12,5,5,3,7,2,10,22,2,1,0,0,20,10,30,13,7,5,3,3,3,1,1,0,1,0,15,14,5,2,2,4,425,412,347,339,17,31,6,6,9,4,138,117,69,43,23,9,17,20,6,8,16,28
16,Mallorca,Sevilla,1,0,0.48,0.63,34,66,6,19,3,5,1,10,2,4,4,12,3,1,15,6,2,2,0,0,5,15,21,18,12,3,1,0,1,0,1,0,1,0,3,8,3,11,5,2,298,570,203,493,24,41,1,10,5,9,142,147,50,61,23,21,17,16,7,9,31,16
16,Atlético Madrid,Almería,2,1,2.17,1.36,57,43,13,19,4,6,7,6,2,7,3,15,4,2,13,11,1,0,0,0,11,11,17,23,11,9,3,2,1,1,0,1,0,1,7,11,6,8,5,2,534,374,449,286,30,30,2,5,10,6,129,148,61,50,15,21,26,12,8,11,22,8
16,Cádiz,Osasuna,1,1,0.87,1.68,44,56,12,13,5,5,4,3,3,5,2,4,8,2,15,16,1,2,0,0,16,13,33,25,4,7,3,3,2,2,,,,,8,6,4,7,3,4,303,399,192,303,32,27,7,4,2,7,171,159,54,59,25,24,11,15,4,8,26,20
16,Barcelona,Girona FC,2,4,3.74,2.48,53,47,31,15,11,7,11,6,9,2,8,3,1,2,7,10,1,2,0,0,9,7,22,12,8,9,6,6,6,3,0,1,0,1,21,13,10,2,3,9,525,466,465,400,18,19,12,5,12,14,106,110,57,41,18,6,18,14,1,10,13,13
16,Granada,Athletic Club,1,1,0.7,1.05,48,52,7,19,3,4,3,12,1,3,1,8,2,1,9,11,0,2,0,0,11,9,21,20,15,6,1,3,1,3,,,,,6,14,1,5,3,2,450,462,352,367,26,41,3,9,8,9,144,157,49,43,10,9,20,16,8,10,24,6
16,Rayo Vallecano,Celta Vigo,0,0,1.27,0.15,63,37,18,4,4,2,8,2,6,0,8,1,3,0,15,10,3,0,0,0,9,15,28,17,7,9,1,0,1,0,,,,,14,1,4,3,2,4,578,351,489,254,27,29,9,1,6,3,154,140,45,51,19,12,11,21,10,6,16,32
17,Osasuna,Rayo Vallecano,1,0,1.18,0.7,61,39,10,10,4,3,5,5,1,2,9,1,0,3,20,13,2,3,0,0,13,19,22,22,8,8,4,2,3,2,1,0,1,0,8,3,2,7,3,3,445,285,339,195,34,23,7,3,5,4,163,143,50,57,25,23,8,11,2,12,14,24
17,Celta Vigo,Granada,1,0,1.37,0.53,39,61,11,7,4,2,6,3,1,2,7,1,3,0,20,18,6,2,1,0,18,20,16,31,8,6,2,1,1,1,1,0,1,0,6,7,5,0,2,3,298,476,207,391,23,22,3,3,5,5,142,139,60,47,18,14,20,8,9,11,14,26
17,Athletic Club,Atlético Madrid,2,0,2.42,0.39,38,62,16,7,7,3,6,2,3,2,3,7,1,4,8,10,0,1,0,0,9,8,16,21,6,6,3,1,2,1,2,0,2,0,11,4,5,3,4,5,386,631,284,538,16,33,4,1,11,14,146,158,47,49,13,10,15,17,5,11,26,10
17,Sevilla,Getafe,0,3,0.97,2.39,57,43,12,14,4,7,4,5,4,2,4,2,6,0,18,18,3,3,0,0,18,15,21,20,6,10,1,4,1,1,,,,,8,8,4,6,4,4,483,366,373,262,22,43,4,5,7,4,173,161,52,57,14,21,14,18,11,8,9,20
17,Valencia,Barcelona,1,1,0.54,3.24,36,64,11,16,4,8,4,4,3,4,4,6,3,3,9,11,1,2,0,0,11,9,21,21,8,6,0,5,0,4,,,,,5,14,6,2,6,3,303,554,219,481,17,35,7,4,3,6,137,132,41,57,10,21,17,21,2,8,18,18
17,Almería,Mallorca,0,0,0.3,1.88,53,47,7,20,1,2,2,11,4,7,4,4,1,2,12,9,3,1,0,0,9,11,26,31,13,7,0,1,0,1,,,,,3,15,4,5,2,1,387,327,284,225,20,32,2,11,6,8,162,157,48,58,15,18,19,21,11,4,23,19
17,Real Sociedad,Real Betis,0,0,1.06,1.11,57,43,12,12,4,3,5,5,3,4,2,7,5,1,12,12,3,4,0,0,12,12,20,17,6,6,1,2,1,2,,,,,6,8,6,4,3,4,502,368,433,291,33,22,1,2,11,12,129,127,60,66,16,16,21,27,4,5,21,27
17,Las Palmas,Cádiz,1,1,0.7,1.64,65,35,7,13,2,5,5,5,0,3,4,6,3,5,9,12,1,3,0,0,10,9,21,24,7,8,1,4,1,3,,,,,2,10,5,3,4,1,568,295,470,206,22,29,1,9,10,6,155,148,48,52,14,19,15,19,6,9,21,23
17,Real Madrid,Villarreal,4,1,2.32,0.75,60,40,22,3,9,1,5,1,8,1,14,0,4,0,14,12,2,3,0,0,12,12,6,14,6,9,5,1,2,0,1,0,1,0,14,2,8,1,0,5,650,427,595,360,37,22,4,0,6,8,96,104,36,39,4,4,14,15,7,8,4,22
17,Girona FC,Deportivo Alavés,3,0,1.71,0.66,67,33,9,12,4,2,3,9,2,1,3,2,3,1,9,7,0,1,0,0,5,8,18,17,10,6,3,2,1,2,,,,,8,5,1,7,2,1,701,341,633,288,23,23,2,3,8,6,112,91,30,40,7,8,10,18,3,9,12,19
18,Rayo Vallecano,Valencia,0,1,0.31,0.26,59,41,7,8,1,3,4,3,2,2,7,1,2,2,16,18,1,5,0,1,15,16,24,21,7,9,1,0,1,0,0,1,0,1,3,4,4,4,2,1,470,329,361,228,32,24,7,3,11,1,172,154,55,43,18,18,11,9,9,7,13,25
18,Atlético Madrid,Getafe,3,3,2.04,2.05,41,59,8,29,4,9,2,14,2,6,1,12,10,0,6,14,3,3,1,0,13,5,14,20,15,4,3,3,0,2,,,,,7,19,1,10,6,1,383,535,298,448,19,40,2,10,3,6,131,138,40,33,15,13,9,10,5,9,44,5
18,Granada,Sevilla,0,3,0.94,0.49,51,49,12,12,3,5,5,5,4,2,6,4,2,2,10,18,2,1,0,0,17,10,32,16,5,7,2,0,2,0,,,,,9,6,3,6,2,3,490,484,407,401,28,29,7,4,9,8,136,132,55,47,12,16,17,14,7,10,14,23
18,Barcelona,Almería,3,2,3.54,1.61,65,35,30,10,11,5,14,4,5,1,12,0,3,3,16,9,3,3,0,0,8,16,14,7,4,15,6,4,4,2,1,0,1,0,24,9,6,1,3,8,582,313,517,231,16,21,10,1,10,7,108,107,50,51,21,9,11,20,7,4,8,25
18,Athletic Club,Las Palmas,1,0,3.56,0.33,51,49,19,5,10,1,7,2,2,2,5,2,3,4,12,11,1,3,0,0,9,11,20,22,6,9,9,0,8,0,1,0,1,0,15,3,4,2,1,8,464,472,355,345,21,11,9,5,15,10,171,180,55,62,18,19,13,22,10,8,10,23
18,Villarreal,Celta Vigo,3,2,2.37,1.28,48,52,12,15,8,5,3,5,1,5,4,7,,,16,15,2,4,0,0,14,16,35,19,7,4,4,4,2,2,,,,,11,8,1,7,2,5,459,490,379,420,31,29,4,10,8,10,142,137,56,67,16,14,19,27,9,12,19,13
18,Cádiz,Real Sociedad,0,0,1.01,0.49,40,60,10,8,2,1,7,3,1,4,7,5,1,2,16,15,3,1,0,0,15,14,19,25,6,7,1,1,1,1,,,,,8,6,2,2,1,3,279,429,201,334,31,25,8,2,7,9,136,151,70,70,28,23,20,24,13,7,26,25
18,Real Betis,Girona FC,1,1,1.55,1.7,48,52,21,12,4,4,7,4,10,4,7,6,1,3,6,9,2,2,0,0,9,6,13,17,5,8,2,2,2,1,0,1,0,1,12,9,9,3,3,3,523,576,456,522,19,22,5,6,8,11,121,127,53,42,9,8,27,17,11,8,19,20
18,Deportivo Alavés,Real Madrid,0,1,0.59,0.59,40,60,8,9,2,4,1,3,5,2,3,3,1,0,18,13,3,1,0,1,12,18,13,20,12,7,0,2,0,1,0,1,0,1,7,7,1,2,3,2,342,534,281,491,17,28,4,2,7,9,107,89,45,47,9,7,18,13,6,3,5,12
18,Mallorca,Osasuna,3,2,1.13,1.7,42,58,15,12,8,7,4,2,3,3,6,0,3,0,11,12,3,1,0,0,12,10,21,29,2,11,4,2,2,0,,,,,11,6,4,6,5,5,319,451,228,355,24,33,6,4,9,3,153,156,62,55,27,27,15,16,6,11,33,24
19,Getafe,Rayo Vallecano,0,2,0.39,1.92,38,62,5,12,0,7,3,3,2,2,2,3,3,4,16,16,6,3,2,0,15,14,22,17,8,6,1,5,1,3,,,,,4,6,1,6,6,0,301,512,207,423,32,17,3,2,5,5,141,117,44,43,15,9,9,15,4,3,11,24
19,Real Sociedad,Deportivo Alavés,1,1,1.25,0.97,53,47,16,7,6,2,6,1,4,4,6,4,,,9,17,5,4,1,0,16,8,30,24,5,13,0,1,,,,,,,11,4,5,3,1,4,370,326,281,248,24,25,4,3,6,3,147,135,78,46,37,22,19,14,6,4,14,36
19,Valencia,Villarreal,3,1,2.8,0.53,45,55,11,8,8,4,3,3,0,1,4,3,1,4,12,15,2,5,0,0,14,12,22,13,6,3,4,2,1,1,0,1,0,1,7,6,4,2,3,5,414,503,342,428,29,22,2,1,12,11,117,117,51,46,11,7,15,16,10,6,13,10
19,Granada,Cádiz,2,0,2.97,0.81,56,44,15,15,8,2,6,6,1,7,5,6,0,3,17,16,3,4,0,1,16,16,21,26,7,9,7,0,5,0,3,0,3,0,12,8,3,7,2,6,382,295,306,221,27,21,3,5,10,10,127,135,57,53,18,12,14,16,6,9,24,13
19,Celta Vigo,Real Betis,2,1,2.73,1.47,40,60,19,14,6,3,8,4,5,7,8,7,2,1,10,12,0,2,1,0,12,10,18,26,6,9,3,2,1,1,1,0,1,0,8,11,11,3,2,4,331,507,261,425,16,22,7,6,8,16,124,140,60,59,13,15,27,18,12,5,20,10
19,Real Madrid,Mallorca,1,0,1.71,0.57,67,33,17,7,5,0,7,5,5,2,5,4,,,5,15,2,3,0,0,13,5,28,23,5,13,2,1,2,1,,,,,9,5,8,2,0,4,635,302,578,223,28,32,3,4,9,6,111,124,40,42,10,13,10,18,12,4,13,28
19,Girona FC,Atlético Madrid,4,3,2.42,2.29,51,49,17,18,9,12,5,4,3,2,7,8,0,2,8,10,0,1,0,0,10,8,11,4,9,4,4,7,2,5,2,0,2,0,11,17,6,1,9,5,496,465,447,405,20,20,5,6,16,5,102,108,47,41,10,8,12,21,7,4,33,16
19,Osasuna,Almería,1,0,1.27,0.21,52,48,14,4,2,0,10,2,2,2,5,4,0,3,14,5,1,2,0,0,4,13,22,15,7,14,4,0,3,0,0,2,0,2,12,3,2,1,0,1,520,481,418,376,28,28,4,4,13,6,146,149,52,52,24,23,12,11,5,8,11,21
19,Sevilla,Athletic Club,0,2,0.69,1.35,61,39,11,15,2,6,7,6,2,3,5,4,2,1,9,19,3,1,0,0,19,8,23,17,8,10,0,3,0,1,0,2,0,2,8,13,3,2,3,2,596,385,500,282,28,15,10,5,7,9,150,146,65,43,22,14,17,12,17,10,15,32
19,Las Palmas,Barcelona,1,2,0.67,2.51,45,55,12,15,3,5,4,4,5,6,5,10,2,14,14,5,5,2,1,0,4,14,10,26,8,6,1,3,0,2,1,1,1,1,6,12,6,3,3,2,394,482,318,409,19,24,4,5,5,10,108,130,23,49,4,11,10,14,9,9,42,8
20,Sevilla,Deportivo Alavés,2,3,2.2,1.99,68,32,19,16,4,8,13,3,2,5,5,4,5,0,12,13,4,3,0,0,13,11,29,13,5,16,3,3,1,1,,,,,15,11,4,5,5,2,564,260,483,177,53,29,10,8,8,9,144,133,63,47,29,11,13,16,5,11,7,30
20,Las Palmas,Villarreal,3,0,0.78,2.01,56,44,8,17,3,3,2,10,3,4,4,6,0,8,13,11,4,3,0,0,10,12,10,25,12,5,1,4,0,4,3,1,2,1,5,12,3,5,3,0,542,414,468,352,23,18,1,7,8,15,118,123,43,50,6,8,19,15,10,8,19,17
20,Mallorca,Celta Vigo,1,1,1.82,0.65,56,44,17,6,6,2,8,3,3,1,10,1,1,0,18,18,4,1,0,0,17,17,30,18,7,11,5,1,4,0,0,1,0,1,14,4,3,2,1,5,420,337,326,247,28,19,7,2,10,12,168,140,75,79,29,23,19,28,17,8,11,29
20,Athletic Club,Real Sociedad,2,1,1.62,1.29,49,51,10,9,3,1,1,5,6,3,5,5,2,0,16,21,1,4,0,0,19,15,20,25,9,4,2,1,,,2,1,2,1,9,6,1,3,0,2,356,371,237,263,20,16,5,1,5,9,167,169,72,72,25,30,23,18,12,11,19,28
20,Real Betis,Granada,1,0,1.8,0.5,57,43,25,6,6,2,6,1,13,3,13,1,1,4,11,17,3,4,0,0,15,11,26,26,2,8,3,1,3,1,,,,,14,4,11,2,2,5,436,327,363,254,27,24,6,5,19,6,148,129,70,55,14,11,22,27,4,5,14,32
20,Almería,Girona FC,0,0,1.75,0.25,46,54,20,5,3,1,9,1,8,3,4,3,0,1,13,8,4,4,0,1,8,13,19,19,4,14,3,0,3,0,2,0,2,0,12,2,8,3,2,3,389,471,319,402,23,25,10,2,6,7,109,116,46,40,14,9,19,11,8,10,11,16
20,Cádiz,Valencia,1,4,1.19,1.93,57,43,10,9,2,5,6,2,2,2,3,1,3,3,15,15,4,2,0,0,14,15,27,28,6,11,2,4,1,0,0,4,0,2,5,4,5,5,1,1,378,283,284,172,34,35,3,1,5,6,159,164,58,73,25,29,15,24,9,4,12,25
20,Barcelona,Osasuna,1,0,1.86,1.02,68,32,16,9,4,1,6,6,6,2,6,6,4,2,9,12,1,2,0,1,12,9,21,10,6,9,2,3,1,3,2,0,2,0,12,7,4,2,1,3,627,292,559,215,28,23,8,5,7,3,117,115,44,42,13,16,12,14,8,8,14,14
20,Atlético Madrid,Rayo Vallecano,2,1,1.05,0.44,54,46,8,10,3,2,2,3,3,5,5,6,7,0,11,13,0,3,0,0,13,10,23,20,8,9,3,0,1,0,1,1,1,1,7,6,1,4,1,1,481,411,397,323,19,16,4,2,9,9,144,150,61,39,17,7,22,13,8,13,17,21
20,Getafe,Real Madrid,0,2,0.83,2.02,42,58,10,16,2,9,7,5,1,2,2,6,1,4,16,5,1,2,0,0,5,16,21,11,7,10,2,4,2,3,0,2,0,2,5,12,5,4,7,2,417,595,341,527,27,30,2,5,5,8,121,106,37,49,12,13,15,12,7,17,9,15
21,Deportivo Alavés,Cádiz,1,0,2.04,0.35,48,52,13,9,3,1,6,6,4,2,4,4,1,1,15,18,0,4,0,0,16,14,31,19,9,9,2,1,1,1,1,1,1,1,8,6,5,3,1,2,312,333,229,255,37,38,5,8,15,8,143,126,61,65,19,25,12,18,1,7,22,27
21,Rayo Vallecano,Las Palmas,0,2,1.57,0.71,43,57,16,10,3,5,10,3,3,2,12,0,9,5,19,8,4,1,1,0,8,19,29,11,5,14,4,1,4,0,0,2,0,2,11,4,5,6,3,3,371,523,286,426,23,22,7,2,10,5,177,141,39,64,6,9,15,31,10,7,11,46
21,Villarreal,Mallorca,1,1,1.92,0.42,51,49,18,8,5,2,6,2,7,4,4,6,0,2,13,11,2,2,1,0,10,12,24,16,5,8,1,0,,,3,0,3,0,9,5,9,3,1,4,437,409,355,311,28,24,2,5,17,4,142,157,67,51,18,13,22,22,11,9,27,18
21,Valencia,Athletic Club,1,0,0.89,0.49,39,61,6,6,1,3,4,2,1,1,4,2,4,0,11,14,0,3,0,0,13,10,19,29,5,9,1,0,1,0,,,,,5,5,1,1,3,0,369,581,274,472,29,19,3,3,8,9,151,158,52,48,16,10,16,19,7,3,27,18
21,Celta Vigo,Real Sociedad,0,1,0.26,0.76,49,51,6,6,2,2,3,2,1,2,6,3,1,1,12,18,1,2,0,0,18,11,31,31,8,6,0,1,0,1,,,,,2,3,4,3,1,2,430,470,324,364,33,16,2,1,12,9,178,161,60,59,20,17,11,22,14,11,10,29
21,Osasuna,Getafe,3,2,1.18,1.43,42,58,13,10,7,7,5,0,1,3,1,4,7,6,14,16,5,4,0,0,15,14,20,20,4,6,3,3,2,2,,,,,5,8,8,2,5,4,274,368,180,265,27,38,3,4,6,9,144,165,64,46,35,13,10,10,8,9,45,16
21,Real Madrid,Almería,3,2,2.25,0.89,74,26,18,10,6,2,8,4,4,4,6,3,5,1,9,17,3,5,0,0,15,9,25,13,5,13,4,1,1,0,0,2,0,2,13,3,5,7,0,3,636,230,553,147,24,13,8,2,10,5,155,119,59,52,26,11,8,27,10,8,3,33
21,Real Betis,Barcelona,2,4,1.14,2.96,36,64,14,11,5,4,6,5,3,2,3,4,4,6,12,9,1,2,0,0,9,11,23,18,5,5,4,5,3,2,1,2,1,1,7,9,7,2,0,2,315,579,261,504,15,15,4,2,11,9,114,123,47,58,11,14,16,24,7,7,29,18
21,Girona FC,Sevilla,5,1,2.29,0.66,55,45,12,9,8,3,3,3,1,3,4,5,1,1,9,11,0,2,0,0,11,9,11,20,8,4,6,3,3,2,2,0,1,0,9,5,3,4,2,3,568,450,504,389,30,31,9,5,9,5,108,127,51,38,8,5,23,19,9,6,21,12
21,Granada,Atlético Madrid,0,1,0.65,1.19,53,47,17,10,2,5,9,4,6,1,6,2,0,6,11,16,2,2,0,0,15,9,20,13,5,9,0,3,0,2,,,,,11,7,6,3,4,1,558,498,483,440,25,25,13,3,10,3,124,108,51,35,10,9,16,14,3,4,15,31
22,Almería,Deportivo Alavés,0,3,1.46,1.87,64,36,19,11,7,3,10,4,2,4,11,3,3,3,17,12,1,2,0,0,10,16,18,17,4,14,4,4,4,1,1,2,1,1,11,7,8,4,0,7,507,291,430,196,25,35,6,6,8,6,143,137,51,49,19,14,14,13,4,4,15,32
22,Real Sociedad,Rayo Vallecano,0,0,0.19,0.11,52,48,6,5,3,0,3,2,0,3,2,2,7,1,16,14,2,4,0,0,14,16,19,34,7,6,,,,,,,,,3,1,3,4,0,3,392,370,298,263,17,18,1,0,8,3,153,174,60,52,15,17,23,17,10,8,20,26
22,Las Palmas,Real Madrid,1,2,0.73,2.3,53,47,7,13,2,5,4,5,1,3,1,6,0,3,17,14,3,3,0,0,13,14,14,12,6,10,1,5,0,3,2,0,1,0,5,10,2,3,3,1,554,485,512,434,23,34,4,7,11,6,87,97,40,45,4,5,12,20,4,6,26,4
22,Barcelona,Villarreal,3,5,2.21,2.18,71,29,22,9,10,6,5,0,7,3,10,0,0,3,8,13,3,4,0,0,13,8,16,16,0,9,2,4,2,1,0,4,0,2,14,8,8,1,1,7,666,270,587,196,26,24,4,5,13,8,132,111,50,42,9,13,15,13,10,16,10,28
22,Mallorca,Real Betis,0,1,1.46,0.37,53,47,14,8,1,2,10,2,3,4,5,4,2,0,14,6,2,1,0,0,6,14,19,18,4,13,3,0,3,0,,,,,10,4,4,4,1,1,498,452,417,376,37,25,8,2,6,7,124,124,47,47,19,17,16,10,3,8,14,30
22,Celta Vigo,Girona FC,0,1,0.62,0.96,40,60,10,15,5,6,4,5,1,4,5,7,1,1,13,11,1,1,0,0,11,12,21,21,6,7,2,3,2,2,,,,,7,7,3,8,5,5,367,567,279,479,23,24,7,5,9,20,137,142,55,62,15,12,21,18,9,9,17,18
22,Cádiz,Athletic Club,0,0,0.36,0.24,42,58,9,8,2,0,6,4,1,4,6,8,2,0,13,14,4,2,0,0,13,13,27,22,7,9,,,,,,,,,3,4,6,4,0,2,338,475,241,382,29,24,4,1,6,12,154,149,54,67,14,24,21,21,8,10,21,14
22,Sevilla,Osasuna,1,1,0.83,1.39,44,56,10,11,5,4,4,5,1,2,2,4,5,2,19,13,3,0,1,0,12,15,23,32,6,5,3,1,2,0,1,0,1,0,5,4,5,7,3,4,361,474,270,375,23,30,3,5,6,2,145,168,52,51,22,22,13,13,4,4,29,17
22,Atlético Madrid,Valencia,2,0,2.38,0.53,54,46,12,10,8,3,3,4,1,3,3,6,1,2,9,9,2,0,0,0,8,8,20,20,6,7,5,0,3,0,1,0,1,0,10,5,2,5,3,7,617,503,543,428,33,14,4,6,9,7,117,128,45,42,10,8,18,19,8,6,18,23
22,Getafe,Granada,2,0,1.32,1.97,39,61,7,16,4,3,0,8,3,5,4,3,4,5,17,11,2,1,0,0,11,16,21,18,11,4,2,2,1,2,1,0,1,0,6,10,1,6,3,3,318,498,215,395,38,23,2,5,3,3,155,151,47,53,21,22,12,12,5,4,23,18
23,Athletic Club,Mallorca,4,0,1.91,0.37,62,38,13,6,6,2,3,4,4,0,6,2,1,5,17,15,0,1,0,0,15,16,22,11,4,5,3,1,1,1,1,0,1,0,11,3,2,3,2,2,542,327,456,234,26,16,7,3,7,10,138,137,57,60,22,14,13,21,4,15,17,21
23,Valencia,Almería,2,1,1.44,1.94,48,52,7,15,2,5,2,4,3,6,0,6,2,1,17,16,4,5,0,1,15,17,31,29,5,3,2,2,1,1,1,2,1,2,5,6,2,9,3,0,370,407,274,320,32,26,4,3,5,11,146,137,44,62,7,21,17,13,9,8,22,22
23,Granada,Las Palmas,1,1,0.15,1,22,78,3,16,1,6,1,8,1,2,2,9,4,1,6,16,4,3,1,1,14,6,7,17,13,2,0,2,0,1,,,,,3,9,0,7,5,0,207,748,130,678,16,20,3,4,8,6,111,133,50,31,9,9,19,10,11,5,19,11
23,Deportivo Alavés,Barcelona,1,3,0.98,1.21,36,64,13,8,2,5,9,1,2,2,13,5,3,1,15,10,2,2,0,1,10,13,14,13,1,13,3,2,3,0,0,1,0,1,10,7,3,1,2,1,269,554,213,491,21,23,11,2,13,2,117,99,54,38,17,10,14,13,8,6,9,26
23,Girona FC,Real Sociedad,0,0,0.72,0.6,48,52,11,11,3,2,3,5,5,4,3,4,4,2,8,19,2,3,0,0,18,8,20,17,11,2,1,0,1,0,,,,,7,3,4,8,2,3,403,427,336,369,21,24,1,4,9,5,119,123,65,52,15,16,23,23,3,8,19,18
23,Villarreal,Cádiz,0,0,1.15,0.7,59,41,19,8,4,2,11,5,4,1,13,2,3,2,14,14,3,1,0,0,12,13,12,20,4,12,0,1,0,1,0,1,0,1,13,6,6,2,2,4,490,343,409,246,16,29,7,3,13,7,149,151,71,53,26,19,21,14,14,11,12,23
23,Osasuna,Celta Vigo,0,3,1.14,1.1,70,30,18,6,1,5,12,1,5,0,9,1,0,2,10,10,2,0,0,0,10,10,42,12,3,12,0,2,,,0,3,0,2,12,5,6,1,2,1,667,294,534,185,28,25,9,1,9,4,198,151,54,57,22,25,13,18,6,10,4,51
23,Real Betis,Getafe,1,1,1.6,1.51,55,45,9,11,3,2,3,4,3,5,3,5,4,7,9,19,7,4,0,0,19,8,24,27,6,7,2,2,1,1,,,,,6,9,3,2,1,1,443,357,328,244,17,23,2,2,12,9,177,177,74,61,21,25,23,20,14,10,23,27
23,Real Madrid,Atlético Madrid,1,1,1.87,1.17,55,45,17,10,4,5,7,3,6,2,2,8,2,1,6,15,0,4,0,0,14,5,20,21,6,11,2,4,1,3,2,0,2,0,10,9,7,1,4,3,656,528,614,473,30,23,5,7,16,5,97,111,55,41,6,6,19,25,3,4,24,13
23,Rayo Vallecano,Sevilla,1,2,1.81,1.3,67,33,22,10,5,6,9,4,8,0,6,0,2,2,8,10,2,3,0,0,9,7,37,28,8,11,3,4,2,2,2,2,2,2,12,4,10,6,4,4,609,307,499,198,28,18,8,0,6,5,164,151,37,47,10,21,12,14,9,9,14,27
24,Cádiz,Real Betis,0,2,0.85,1.03,53,47,14,14,5,5,4,6,5,3,5,3,2,0,12,10,1,1,0,0,10,12,24,22,8,8,0,2,0,2,0,2,0,1,7,11,7,3,3,5,532,487,452,406,23,19,8,4,9,13,144,119,44,58,10,12,15,21,9,9,9,28
24,Deportivo Alavés,Villarreal,1,1,1.79,1.24,50,50,17,13,4,4,8,4,5,5,10,9,2,1,7,11,0,2,0,0,10,7,22,15,10,9,3,2,2,2,2,1,1,1,13,9,4,4,2,3,370,383,290,308,31,18,8,5,9,7,139,129,42,43,10,19,13,11,7,7,19,31
24,Real Sociedad,Osasuna,0,1,1.55,0.48,69,31,21,9,3,2,8,0,10,7,7,4,1,2,11,11,,,0,0,10,10,17,16,4,14,3,1,3,0,,,,,16,4,5,5,1,3,576,271,503,180,29,27,9,3,17,5,146,131,62,55,27,24,9,16,4,9,14,33
24,Real Madrid,Girona FC,4,0,3.21,0.28,53,47,16,5,6,0,9,3,1,2,0,2,,,9,12,1,2,0,0,12,8,10,16,9,7,4,0,2,0,3,0,2,0,12,1,4,4,0,2,583,499,541,461,29,11,6,0,9,5,70,81,33,26,4,3,8,10,4,8,16,9
24,Las Palmas,Valencia,2,0,1.29,0.45,73,27,8,7,3,1,3,6,2,0,5,0,1,4,9,9,2,0,0,0,9,7,31,24,7,5,2,0,,,0,2,0,2,6,3,2,4,2,1,721,263,642,168,23,20,4,3,4,6,145,143,38,40,7,6,18,21,7,6,13,19
24,Getafe,Celta Vigo,3,2,2.15,1.19,48,52,11,9,4,4,4,3,3,2,0,4,3,2,16,13,1,2,0,0,13,16,29,29,6,3,2,3,0,1,,,,,7,7,4,2,2,1,395,421,268,306,31,33,4,6,6,14,185,189,61,65,20,15,22,20,13,10,16,15
24,Mallorca,Rayo Vallecano,2,1,0.91,1.61,49,51,8,11,5,4,2,5,1,2,5,1,2,1,17,11,4,0,0,0,10,17,18,25,8,5,2,2,0,1,1,0,1,0,6,3,2,8,3,3,412,427,287,317,46,24,5,3,8,8,176,169,67,60,31,25,18,11,10,13,16,24
24,Sevilla,Atlético Madrid,1,0,1.03,1.55,40,60,10,16,6,5,2,7,2,4,2,7,2,4,8,5,2,1,0,0,4,8,10,26,10,6,4,3,3,3,3,1,3,1,7,11,3,5,4,5,404,614,336,537,23,20,3,6,13,10,120,134,55,40,15,7,23,15,12,5,26,18
24,Barcelona,Granada,3,3,2.27,1.43,66,34,11,11,6,5,4,2,1,4,6,2,3,1,13,9,1,3,0,0,9,13,24,23,8,9,4,1,2,0,1,1,1,1,8,9,3,2,2,2,625,312,537,228,29,19,6,4,6,5,132,123,44,42,15,8,14,17,6,10,9,19
24,Almería,Athletic Club,0,0,0.88,0.66,39,61,10,12,4,4,3,4,3,4,4,10,2,3,17,15,4,1,1,0,15,15,19,26,5,4,2,0,2,0,1,0,1,0,7,7,3,5,4,4,324,490,248,400,28,25,2,6,5,4,132,165,51,63,14,24,18,20,10,7,39,13
25,Villarreal,Getafe,1,1,1.25,0.82,56,44,20,11,7,2,5,5,8,4,8,3,6,2,13,13,0,1,0,0,13,13,19,24,7,5,2,1,1,1,1,1,1,1,14,6,6,5,0,6,464,369,353,232,26,25,2,4,9,7,160,178,55,50,23,21,11,11,8,5,17,20
25,Atlético Madrid,Las Palmas,5,0,3.47,0.72,35,65,13,11,7,2,5,6,1,3,3,5,4,0,19,9,2,2,0,0,9,19,20,17,6,9,7,1,3,1,,,,,8,5,5,6,2,2,331,618,245,531,16,31,2,2,5,8,128,148,52,51,17,14,21,10,10,9,21,18
25,Osasuna,Cádiz,2,0,1.96,0.54,56,44,11,5,4,1,7,3,0,1,5,4,1,5,20,12,4,2,0,0,12,19,23,18,10,11,2,2,1,2,2,1,1,1,8,4,3,1,1,2,498,398,380,280,32,28,5,3,6,8,177,174,57,65,26,26,14,13,5,7,21,27
25,Celta Vigo,Barcelona,1,2,0.75,1.53,34,66,13,14,4,4,4,4,5,6,2,5,4,1,11,13,2,4,0,0,13,10,17,20,7,9,0,1,,,2,2,2,2,8,10,5,4,2,3,333,671,236,578,18,21,3,3,5,3,143,146,51,40,14,13,19,14,14,7,25,18
25,Valencia,Sevilla,0,0,1.05,0.04,53,47,14,1,4,1,6,0,4,0,7,2,3,1,5,8,0,1,0,0,8,4,34,20,4,9,2,0,2,0,,,,,8,1,6,0,1,4,567,504,490,414,28,28,5,3,4,6,130,121,32,35,11,10,9,15,5,5,12,30
25,Rayo Vallecano,Real Madrid,1,1,1.16,1.12,40,60,8,11,3,4,1,4,4,3,4,10,4,2,17,7,4,3,0,1,6,16,22,13,9,4,1,1,,,1,2,1,1,7,7,1,4,3,2,336,513,265,439,28,19,4,4,5,12,134,137,43,64,12,12,20,24,8,5,30,15
25,Granada,Almería,1,1,1.99,1.41,59,41,19,13,7,3,8,6,4,4,10,4,0,3,13,22,2,3,0,0,20,13,20,17,10,8,4,3,3,3,2,1,1,1,11,4,8,9,2,6,454,320,373,249,28,20,5,6,8,11,140,127,57,51,10,9,19,18,7,6,14,37
25,Mallorca,Real Sociedad,1,2,0.13,1.13,32,68,4,19,1,5,2,9,1,5,3,9,2,2,12,18,9,5,2,0,15,11,19,25,12,4,0,1,,,0,2,0,1,1,12,3,7,3,0,230,477,137,404,28,18,2,9,4,12,139,143,71,63,35,27,19,13,11,4,36,16
25,Real Betis,Deportivo Alavés,0,0,0.81,0.49,62,38,13,13,2,4,6,7,5,2,6,8,1,1,13,9,5,2,0,0,9,13,33,24,7,10,2,0,2,0,0,1,0,1,9,6,4,7,4,1,495,298,412,201,19,17,4,7,8,8,153,159,62,58,22,19,23,18,6,12,24,23
25,Athletic Club,Girona FC,3,2,1.78,2.1,31,69,14,12,7,6,4,5,3,1,3,4,2,3,16,13,1,2,0,0,13,16,12,22,6,7,5,4,4,2,1,0,1,0,13,9,1,3,3,4,294,674,224,601,28,21,5,4,5,6,100,125,50,41,9,7,23,12,10,6,12,9
26,Real Sociedad,Villarreal,1,3,1.48,1.09,70,30,21,6,8,4,10,2,3,0,13,2,4,1,15,14,3,4,0,0,13,15,27,18,2,13,2,4,1,1,0,2,0,1,12,6,9,0,1,6,575,251,504,182,24,22,11,3,6,2,127,108,53,42,21,13,14,12,11,10,13,34
26,Barcelona,Getafe,4,0,3.17,0.49,68,32,17,10,9,4,4,4,4,2,5,8,5,4,12,18,1,4,0,0,17,11,20,14,6,5,8,0,4,0,1,0,1,0,14,5,3,5,4,5,572,258,495,173,33,21,5,4,5,2,132,136,51,39,13,5,16,21,3,12,32,14
26,Deportivo Alavés,Mallorca,1,1,0.47,2.27,52,48,9,15,1,8,6,5,2,2,3,3,2,0,7,15,0,2,0,0,13,7,21,23,7,9,0,3,0,2,0,2,0,2,6,9,3,6,6,1,420,398,320,297,29,32,5,7,10,13,156,154,58,62,28,32,9,10,6,9,25,27
26,Almería,Atlético Madrid,2,2,0.48,1.55,40,60,9,18,4,9,3,5,2,4,2,7,1,2,13,12,1,1,0,0,12,13,24,28,4,3,0,2,0,1,0,3,0,2,4,10,5,8,7,3,364,541,281,454,18,28,1,4,10,8,138,145,53,52,17,10,14,21,7,11,20,13
26,Cádiz,Celta Vigo,2,2,2.25,0.68,66,34,19,7,6,3,9,2,4,2,9,1,3,2,13,20,2,3,0,0,19,13,25,18,4,16,3,1,2,0,,,,,10,5,9,2,1,4,541,301,413,165,42,23,8,3,10,1,203,188,74,68,25,39,20,16,6,4,6,35
26,Real Betis,Athletic Club,3,1,1.23,0.18,58,42,13,3,5,1,6,1,2,1,5,3,2,2,14,12,1,6,0,1,10,14,17,31,3,7,1,0,,,2,0,1,0,3,3,10,0,0,3,584,407,487,314,24,25,1,4,15,5,132,146,61,37,18,10,18,8,10,10,17,9
26,Las Palmas,Osasuna,1,1,0.68,0.76,72,28,9,6,3,2,4,4,2,0,6,7,2,3,6,15,2,1,0,0,15,5,21,22,8,6,2,2,1,2,,,,,7,6,2,0,1,2,679,241,586,155,19,27,1,8,4,6,141,132,37,42,9,14,10,17,6,6,15,24
26,Real Madrid,Sevilla,1,0,0.99,0.9,64,36,16,4,6,1,5,3,5,0,7,2,1,0,10,13,1,3,0,0,12,10,28,14,5,9,1,2,1,2,0,1,0,1,8,4,8,0,1,5,639,358,581,294,33,21,2,4,13,1,115,102,46,46,7,7,14,28,4,4,7,24
26,Girona FC,Rayo Vallecano,3,0,2.17,0.55,55,45,14,7,8,1,4,4,2,2,2,2,4,2,13,16,3,5,0,1,16,12,13,18,5,7,5,1,4,1,1,0,1,0,12,3,2,4,1,5,523,433,456,364,23,19,6,1,13,4,109,112,56,36,10,6,17,14,8,10,10,15
26,Granada,Valencia,0,1,0.62,0.35,57,43,13,6,3,2,7,3,3,1,5,4,2,0,20,15,3,1,0,0,15,20,29,22,4,9,1,1,1,1,1,0,1,0,6,6,7,0,1,3,433,320,322,213,35,22,5,3,6,4,157,145,55,52,23,19,11,9,1,9,19,40
27,Celta Vigo,Almería,1,0,1.48,0.11,67,33,15,3,6,0,3,3,6,0,7,0,2,3,8,14,1,2,0,1,14,8,25,20,3,8,2,1,2,1,1,0,1,0,11,2,4,1,0,5,591,301,516,219,21,18,6,1,8,8,140,128,56,47,23,11,11,22,2,6,11,27
27,Sevilla,Real Sociedad,3,2,1.99,1.49,39,61,12,13,5,4,5,5,2,4,2,5,1,6,12,15,1,2,0,0,15,10,23,25,8,8,4,1,3,0,1,0,1,0,9,6,3,7,2,2,326,511,240,419,27,22,4,5,8,13,146,151,68,71,23,20,22,29,7,6,26,13
27,Rayo Vallecano,Cádiz,1,1,0.71,1,53,47,9,16,5,5,2,6,2,5,4,9,0,3,14,17,1,1,0,0,16,12,24,27,9,13,1,3,0,2,1,0,1,0,6,12,3,4,4,4,439,371,322,239,21,36,4,8,8,6,184,202,58,60,16,22,18,21,4,8,37,11
27,Getafe,Las Palmas,3,3,2.29,1.6,27,73,16,14,5,5,5,7,6,2,4,4,2,4,28,9,4,1,0,0,8,26,19,19,9,5,4,2,1,0,4,0,3,0,9,6,7,8,2,2,241,671,156,577,22,15,3,4,6,10,130,139,36,52,12,7,10,10,12,6,20,12
27,Valencia,Real Madrid,2,2,1.15,2.21,29,71,12,10,5,5,4,5,3,0,2,2,0,2,19,11,2,3,0,1,10,18,19,16,9,3,3,2,1,1,,,,,6,5,6,5,3,3,297,739,227,668,16,23,2,3,6,5,112,120,40,42,5,8,19,11,11,8,19,13
27,Villarreal,Granada,5,1,2.06,0.51,49,51,16,9,10,3,3,4,3,2,6,4,1,2,12,15,1,2,0,0,13,12,11,16,10,6,5,0,,,1,0,1,0,8,3,8,6,2,5,437,457,367,391,21,19,6,9,6,5,114,118,41,43,6,6,16,20,9,14,23,14
27,Atlético Madrid,Real Betis,2,1,3.04,0.58,43,57,17,12,12,6,4,4,1,2,4,6,3,0,9,12,1,2,0,0,12,8,10,27,9,9,9,0,8,0,3,0,3,0,13,8,4,4,5,11,453,600,358,497,31,25,3,7,8,7,134,157,54,37,16,10,18,12,11,12,22,16
27,Mallorca,Girona FC,1,0,1.26,1.01,40,60,16,15,2,4,7,7,7,4,8,5,0,1,19,9,5,0,0,0,8,18,13,24,12,7,2,1,1,1,1,0,1,0,10,10,6,5,4,0,320,491,229,402,31,20,3,3,5,11,132,135,43,47,17,12,13,6,12,13,22,12
27,Athletic Club,Barcelona,0,0,0.33,0.67,40,60,8,8,2,2,4,3,2,3,4,4,5,0,14,11,3,3,0,0,11,13,15,13,10,9,0,1,0,1,,,,,5,3,3,5,1,2,355,568,280,486,35,27,4,5,8,11,140,128,51,62,16,15,16,23,7,8,12,28
27,Osasuna,Deportivo Alavés,1,0,0.98,1.03,55,45,15,10,4,4,5,3,6,3,5,5,0,2,15,11,2,1,0,0,10,14,32,20,3,8,2,2,2,2,1,0,1,0,10,7,5,3,4,3,449,365,331,268,26,21,4,7,6,9,173,164,59,49,27,15,17,11,5,8,17,31
28,Barcelona,Mallorca,1,0,2.02,0.58,63,37,20,9,6,3,3,5,11,1,4,1,2,6,10,14,1,1,0,0,14,10,19,7,7,5,3,0,3,0,1,1,1,1,12,7,8,2,3,6,605,337,535,264,31,26,4,8,15,9,134,123,59,69,17,21,13,30,13,17,21,20
28,Valencia,Getafe,1,0,0.81,1.27,51,49,10,15,3,5,4,6,3,4,5,5,2,2,10,19,2,3,0,0,17,9,23,25,10,9,1,1,0,1,0,1,0,1,7,11,3,4,5,2,399,366,297,265,29,42,4,10,6,10,156,164,50,68,13,31,14,18,3,12,39,12
28,Cádiz,Atlético Madrid,2,0,1.11,0.88,40,60,7,8,3,4,1,3,3,1,3,1,4,1,20,15,4,5,0,0,14,19,13,19,6,4,2,2,0,2,0,1,0,1,4,5,3,3,4,1,372,563,275,474,28,22,6,2,7,12,154,165,63,61,17,13,25,17,5,10,22,13
28,Granada,Real Sociedad,2,3,1.77,2.23,36,64,13,11,6,8,4,2,3,1,4,6,1,6,17,11,1,2,0,0,8,16,20,23,6,5,2,3,,,1,0,1,0,9,8,4,3,5,4,270,473,175,391,30,26,1,6,3,6,143,154,46,68,17,32,18,14,6,7,21,22
28,Girona FC,Osasuna,2,0,1.95,0.23,60,40,11,7,6,1,2,5,3,1,5,7,6,2,10,16,3,3,0,0,15,9,20,15,10,3,6,0,4,0,0,1,0,1,10,3,1,4,1,4,550,344,500,290,25,25,3,7,10,3,104,108,44,40,6,10,15,19,11,7,19,11
28,Deportivo Alavés,Rayo Vallecano,1,0,0.61,0.64,33,67,12,9,4,3,6,3,2,3,7,5,2,4,13,10,2,2,0,0,8,13,23,13,8,12,1,2,0,2,2,0,1,0,6,2,6,7,3,3,280,580,200,496,27,24,3,4,8,16,127,138,39,57,11,15,12,13,7,6,17,7
28,Las Palmas,Athletic Club,0,2,1.25,1.11,71,29,14,7,2,2,2,2,10,3,10,3,3,3,8,14,3,3,0,0,14,7,26,21,6,7,1,2,1,1,,,,,7,4,7,3,1,2,638,256,548,168,21,25,8,3,9,9,157,137,44,55,8,15,13,24,5,6,17,22
28,Real Madrid,Celta Vigo,4,0,3.5,0.77,63,37,25,11,13,1,8,3,4,7,12,1,,,8,13,2,3,0,0,13,8,12,23,6,10,7,1,5,1,3,1,3,1,19,7,6,4,1,11,638,367,586,306,19,22,6,3,14,2,107,109,58,34,9,4,22,21,11,9,8,20
28,Real Betis,Villarreal,2,3,1.03,1.43,54,46,13,6,4,4,5,0,4,2,11,4,0,2,12,17,3,4,1,1,16,11,18,18,3,8,2,3,1,1,,,,,8,5,5,1,2,2,502,445,435,380,29,19,6,4,5,7,127,120,52,45,14,12,18,15,11,11,16,24
28,Almería,Sevilla,2,2,1.99,2.47,43,57,14,19,4,6,8,8,2,5,1,8,2,2,6,11,2,1,0,0,10,6,27,19,7,11,4,5,2,4,2,3,1,2,7,15,7,4,4,2,411,547,319,440,28,47,6,10,3,7,140,147,42,50,22,20,7,17,6,13,28,16
29,Real Sociedad,Cádiz,2,0,1.96,0.81,64,36,14,13,6,2,4,5,4,6,8,2,1,5,15,6,3,1,0,0,6,14,24,12,6,9,5,0,3,0,1,0,1,0,12,6,2,7,2,4,580,331,474,224,39,24,2,1,9,11,163,153,66,54,36,15,15,14,5,4,9,17
29,Mallorca,Granada,1,0,1.6,0.42,51,49,18,8,8,3,7,2,3,3,10,2,3,0,17,9,2,0,0,0,8,17,32,19,4,10,1,0,1,0,1,1,1,1,14,4,4,4,3,7,380,381,284,292,28,22,10,3,14,7,156,134,65,58,29,16,14,18,10,8,13,26
29,Osasuna,Real Madrid,2,4,0.72,2.88,37,63,10,17,4,9,4,5,2,3,5,7,1,3,18,8,3,2,0,0,7,18,14,25,7,10,1,7,0,4,1,2,1,2,6,11,4,6,6,2,316,577,252,500,22,30,2,1,7,11,117,121,41,61,11,13,16,19,3,2,16,16
29,Getafe,Girona FC,1,0,1.25,1.81,41,59,11,13,3,3,5,9,3,1,2,5,1,2,16,13,4,4,0,0,12,15,19,22,11,7,1,3,0,3,,,,,5,12,6,1,3,2,337,470,245,387,21,18,3,8,6,15,130,142,50,62,11,16,21,16,6,4,19,11
29,Athletic Club,Deportivo Alavés,2,0,1.74,1.32,60,40,16,7,4,3,6,2,6,2,5,4,6,2,7,13,2,3,0,0,12,7,17,16,3,10,2,2,1,2,0,1,0,1,11,5,5,2,3,2,558,377,473,269,19,29,6,3,17,2,152,155,57,38,17,8,11,21,5,7,6,13
29,Sevilla,Celta Vigo,1,2,1.71,1.56,35,65,11,18,4,5,6,5,1,8,3,8,1,3,13,6,4,0,0,0,6,13,21,21,9,10,4,5,3,4,3,2,3,2,9,11,2,7,3,3,356,648,286,584,30,19,4,3,7,10,120,122,42,44,15,7,14,14,3,5,21,15
29,Las Palmas,Almería,0,1,0.94,0.77,66,34,21,3,6,2,9,0,6,1,11,3,3,3,8,17,2,2,0,0,15,7,22,14,0,16,1,2,1,1,,,,,8,3,13,0,1,6,602,324,517,235,20,19,7,1,8,7,139,135,50,44,18,18,11,13,4,14,14,29
29,Villarreal,Valencia,1,0,2.04,1.13,53,47,13,14,7,7,4,5,2,2,5,2,1,2,12,12,5,1,0,0,12,12,19,23,6,7,3,2,2,2,,,,,12,9,1,5,7,6,470,418,377,313,27,26,8,4,8,6,143,143,51,50,21,10,10,22,7,12,16,11
29,Rayo Vallecano,Real Betis,2,0,0.77,0.82,39,61,8,11,4,1,1,3,3,7,4,8,2,2,22,16,4,4,0,0,15,22,23,38,9,2,1,1,0,1,0,1,0,1,3,9,5,2,1,2,286,461,185,344,14,25,1,2,4,14,166,197,57,72,7,16,31,21,14,8,31,15
29,Atlético Madrid,Barcelona,0,3,0.78,1.54,41,59,13,9,3,5,7,3,3,1,7,3,8,0,15,9,3,1,1,0,8,15,14,19,8,12,0,4,0,2,,,,,6,7,7,2,2,3,355,536,287,466,22,30,4,3,13,8,122,110,42,48,7,11,14,14,7,6,13,28
30,Cádiz,Granada,1,0,1.55,0.52,59,41,13,10,5,2,6,4,2,4,5,2,2,1,17,14,2,4,0,0,12,16,24,19,9,11,2,0,1,0,1,0,1,0,9,5,4,5,2,4,474,328,380,223,23,27,7,7,5,9,157,170,56,55,14,7,25,24,14,6,18,16
30,Getafe,Sevilla,0,1,1.63,0.76,67,33,18,10,5,3,7,5,6,2,6,3,4,2,11,15,4,5,0,0,15,10,26,25,8,9,3,1,3,0,0,1,0,1,11,6,7,4,2,5,572,283,465,184,42,17,4,4,10,5,168,163,62,55,15,18,22,22,3,10,14,26
30,Almería,Osasuna,0,3,0.84,1.03,51,49,12,6,5,4,5,2,2,0,6,1,2,2,13,15,3,2,0,0,15,12,21,24,6,13,2,2,2,0,2,0,2,0,7,5,5,1,1,5,421,415,359,321,19,38,3,3,5,3,124,132,47,49,15,25,13,9,17,4,13,12
30,Valencia,Mallorca,0,0,1.49,0.87,53,47,14,11,5,3,5,3,4,5,3,3,0,1,8,11,0,2,0,0,11,8,33,16,6,9,1,0,1,0,,,,,9,7,5,4,3,4,484,429,387,335,25,36,5,7,8,7,151,135,46,57,17,21,10,21,14,9,19,23
30,Barcelona,Las Palmas,1,0,1.75,0.29,69,31,14,8,2,0,10,4,2,4,6,1,8,4,11,9,5,1,0,1,9,11,22,20,5,9,3,0,2,0,,,,,8,4,6,4,0,1,720,314,641,232,22,21,4,1,10,12,137,134,40,54,5,8,16,24,6,8,9,14
30,Celta Vigo,Rayo Vallecano,0,0,0.78,0.58,61,39,13,8,0,2,8,5,5,1,3,2,1,1,12,16,3,3,0,0,16,11,24,19,7,8,1,0,1,0,0,1,0,1,8,7,5,1,2,0,572,372,489,293,31,15,9,5,10,10,135,126,57,53,16,15,15,18,6,10,13,22
30,Girona FC,Real Betis,3,2,2.66,0.55,57,43,9,7,5,4,0,2,4,1,5,4,3,2,13,14,3,4,0,0,11,13,27,15,4,5,4,1,1,0,,,,,8,4,1,3,2,2,575,431,501,355,19,26,4,4,7,10,127,118,39,52,10,9,11,20,5,12,15,21
30,Deportivo Alavés,Real Sociedad,0,1,0.25,0.95,41,59,3,12,0,3,3,6,0,3,3,8,3,3,10,15,2,2,0,0,14,7,25,25,10,7,0,2,0,1,,,,,1,10,2,2,2,0,323,471,220,369,31,16,2,7,3,12,150,157,51,65,19,31,16,15,9,6,19,22
30,Real Madrid,Athletic Club,2,0,1.12,0.27,59,41,9,7,4,3,3,3,2,1,4,7,1,0,9,13,2,1,0,0,13,9,16,15,8,6,2,0,1,0,2,0,1,0,5,6,4,1,3,2,651,441,579,366,27,17,2,5,8,8,116,119,38,43,9,2,9,24,11,12,17,10
30,Villarreal,Atlético Madrid,1,2,0.81,1.32,52,48,11,14,2,8,9,5,0,1,3,3,1,0,14,22,3,3,0,0,21,14,24,13,7,10,0,2,0,2,0,1,0,1,8,9,3,5,6,1,515,482,440,406,28,31,7,5,10,4,131,116,57,48,8,8,18,22,10,14,7,16
31,Real Betis,Celta Vigo,2,1,1.26,1.6,47,53,15,12,3,5,6,6,6,1,6,5,1,1,7,10,1,0,0,0,10,7,17,24,8,9,0,3,0,2,1,1,1,1,12,11,3,1,4,1,512,581,440,499,26,20,5,1,18,10,132,139,63,44,14,9,21,18,13,4,22,15
31,Atlético Madrid,Girona FC,3,1,2.4,2.39,41,59,17,12,4,5,6,7,7,0,2,0,3,0,18,12,3,2,0,0,10,16,11,16,12,8,3,4,1,3,,,,,11,6,6,6,4,1,429,627,363,567,22,28,3,3,3,14,104,113,37,51,5,10,20,12,3,6,12,14
31,Rayo Vallecano,Getafe,0,0,0.98,0.25,63,37,12,7,2,0,7,5,3,2,3,0,4,2,17,19,4,6,0,0,18,17,20,12,9,10,1,0,1,0,,,,,7,2,5,5,0,2,430,262,334,161,18,30,6,1,7,7,157,149,65,59,25,16,16,19,2,7,10,22
31,Mallorca,Real Madrid,0,1,0.59,1.6,44,56,6,16,2,9,3,3,1,4,4,2,1,1,18,7,2,1,0,0,7,16,21,17,5,4,1,2,1,2,,,,,5,7,1,9,7,2,413,559,332,486,21,24,9,0,3,15,122,120,39,58,9,18,20,10,12,4,14,21
31,Cádiz,Barcelona,0,1,1.01,0.88,38,62,14,12,3,2,5,8,6,2,8,4,5,2,17,15,3,3,0,0,14,16,20,22,8,12,0,1,0,1,,,,,8,7,6,5,0,3,326,564,242,474,30,36,7,5,9,8,138,138,60,46,16,8,21,14,8,4,19,19
31,Las Palmas,Sevilla,0,2,0.07,2.08,63,37,5,10,2,3,1,7,2,0,6,2,2,2,8,13,3,3,1,0,12,8,31,16,9,5,0,5,0,3,0,2,0,2,0,9,5,1,1,2,605,355,540,303,17,25,1,7,7,3,114,88,29,32,2,6,8,15,4,8,4,25
31,Granada,Deportivo Alavés,2,0,1.45,0.34,39,61,9,8,3,3,3,2,3,3,1,5,2,4,16,11,3,2,0,0,9,16,17,36,10,7,3,0,1,0,0,1,0,1,7,4,2,4,3,1,271,417,183,324,30,36,2,3,8,12,139,159,53,61,17,21,19,12,16,6,20,12
31,Athletic Club,Villarreal,1,1,0.65,2.1,53,47,13,10,6,2,5,4,2,4,3,1,1,2,13,12,3,3,0,1,10,12,19,15,5,9,1,3,0,2,,,,,7,9,6,1,1,5,490,459,416,370,16,33,7,4,6,9,131,128,32,44,5,8,11,15,13,13,13,22
31,Real Sociedad,Almería,2,2,1.45,1.58,50,50,17,7,4,3,11,2,2,2,5,1,2,1,16,8,2,2,1,0,8,16,25,24,4,15,2,4,1,2,,,,,11,5,6,2,1,2,406,439,326,350,26,26,8,2,6,5,133,133,43,50,14,16,17,13,4,4,15,27
31,Osasuna,Valencia,0,1,1.93,0.22,65,35,13,4,2,3,8,1,3,0,4,1,5,0,10,10,0,2,0,0,9,10,35,15,5,15,2,0,2,0,1,0,1,0,9,3,4,1,2,2,591,335,484,223,31,13,12,0,8,5,174,153,54,48,26,18,11,15,4,8,9,34
32,Athletic Club,Granada,1,1,1.5,0.15,67,33,17,5,6,0,5,3,6,2,11,4,1,1,11,15,4,2,0,0,15,11,32,14,8,11,3,0,3,0,0,1,0,1,10,1,7,4,0,4,600,294,503,209,28,33,10,3,12,4,167,144,59,56,20,16,13,25,7,18,12,32
32,Celta Vigo,Las Palmas,4,1,3.99,0.98,32,68,21,9,13,4,5,2,3,3,8,4,6,1,10,9,1,0,0,0,8,10,19,18,7,9,8,2,4,1,4,0,3,0,16,7,5,2,3,9,344,765,284,696,25,13,4,3,10,11,109,115,54,46,12,6,24,19,7,5,9,19
32,Rayo Vallecano,Osasuna,2,1,0.53,0.53,64,36,17,6,6,2,5,4,6,0,5,1,3,3,9,15,4,1,0,0,14,8,31,24,5,14,0,2,0,1,,,,,5,3,12,3,1,4,530,304,426,194,30,30,4,0,8,7,169,172,69,47,24,14,23,18,11,9,14,24
32,Valencia,Real Betis,1,2,1.14,1.28,54,46,8,12,5,6,1,3,2,3,7,6,5,2,18,10,2,3,0,0,10,17,28,18,5,6,1,4,0,3,,,,,6,8,2,4,4,4,436,388,354,299,31,30,8,3,8,6,150,142,56,56,19,19,20,15,8,12,9,23
32,Girona FC,Cádiz,4,1,2.07,1.87,57,43,10,12,5,5,5,4,0,3,2,4,3,1,11,14,1,2,0,0,14,11,14,17,7,7,5,3,1,2,,,,,8,8,2,4,4,1,553,402,502,337,37,14,7,8,13,4,107,103,50,42,14,8,9,20,8,10,27,14
32,Getafe,Real Sociedad,1,1,0.54,1.19,40,60,6,7,3,3,2,3,1,1,0,4,6,2,12,18,0,2,0,0,17,12,25,26,8,7,2,1,1,0,,,,,4,5,2,2,3,1,295,454,200,351,37,26,5,3,10,10,155,151,68,64,23,20,19,22,8,3,11,16
32,Almería,Villarreal,1,2,1.84,1.62,57,43,24,11,5,3,13,7,6,1,5,2,1,2,10,16,3,4,1,0,16,10,19,11,9,20,3,4,2,2,0,2,0,2,17,9,7,2,1,4,507,388,448,326,32,20,8,5,13,6,97,97,47,37,9,11,9,10,5,8,12,17
32,Deportivo Alavés,Atlético Madrid,2,0,0.39,0.91,31,69,8,15,3,4,3,5,2,6,1,11,0,1,20,12,5,3,0,0,11,20,18,24,7,6,,,,,1,0,1,0,4,10,4,5,4,1,232,523,158,443,26,22,5,5,7,11,125,139,43,61,12,16,13,16,9,2,36,18
32,Real Madrid,Barcelona,3,2,2.34,1.37,47,53,14,15,8,6,3,7,3,2,2,8,1,2,11,12,3,2,0,0,12,11,17,18,10,6,5,2,2,0,2,0,2,0,8,9,6,6,4,5,476,527,420,476,27,24,3,3,9,8,88,99,44,40,4,6,19,15,5,11,19,14
32,Sevilla,Mallorca,2,1,1.09,0.75,54,46,11,8,4,6,6,0,1,2,4,4,1,5,10,8,0,2,0,0,7,10,16,19,3,12,2,1,1,1,3,2,2,2,6,7,5,1,4,2,515,440,437,357,23,24,4,4,3,8,118,129,49,46,23,19,16,9,5,10,15,16
